Image,Prediction,Animal
1,0,Cat
2,0,Cat
3,0,Cat
4,0,Cat
5,0,Cat
6,0,Cat
7,1,Dog
8,1,Dog
9,0,Cat
10,1,Dog
11,1,Dog
12,1,Dog
13,0,Cat
14,0,Cat
15,0,Cat
16,0,Cat
17,0,Cat
18,1,Dog
19,0,Cat
20,1,Dog
21,0,Cat
22,1,Dog
23,0,Cat
24,1,Dog
25,1,Dog
26,0,Cat
27,1,Dog
28,1,Dog
29,0,Cat
30,0,Cat
31,1,Dog
32,0,Cat
33,0,Cat
34,0,Cat
35,1,Dog
36,0,Cat
37,1,Dog
38,0,Cat
39,1,Dog
40,1,Dog
41,1,Dog
42,0,Cat
43,1,Dog
44,1,Dog
45,0,Cat
46,0,Cat
47,1,Dog
48,1,Dog
49,0,Cat
50,1,Dog
51,0,Cat
52,1,Dog
53,1,Dog
54,1,Dog
55,0,Cat
56,0,Cat
57,0,Cat
58,1,Dog
59,0,Cat
60,1,Dog
61,0,Cat
62,1,Dog
63,0,Cat
64,1,Dog
65,1,Dog
66,0,Cat
67,1,Dog
68,1,Dog
69,0,Cat
70,1,Dog
71,0,Cat
72,1,Dog
73,0,Cat
74,1,Dog
75,1,Dog
76,1,Dog
77,0,Cat
78,0,Cat
79,1,Dog
80,0,Cat
81,1,Dog
82,1,Dog
83,0,Cat
84,1,Dog
85,1,Dog
86,0,Cat
87,1,Dog
88,1,Dog
89,1,Dog
90,1,Dog
91,0,Cat
92,0,Cat
93,0,Cat
94,0,Cat
95,1,Dog
96,1,Dog
97,0,Cat
98,0,Cat
99,0,Cat
100,0,Cat
101,0,Cat
102,0,Cat
103,0,Cat
104,0,Cat
105,1,Dog
106,1,Dog
107,0,Cat
108,0,Cat
109,1,Dog
110,1,Dog
111,1,Dog
112,1,Dog
113,0,Cat
114,0,Cat
115,0,Cat
116,1,Dog
117,0,Cat
118,1,Dog
119,1,Dog
120,1,Dog
121,0,Cat
122,1,Dog
123,1,Dog
124,0,Cat
125,0,Cat
126,0,Cat
127,0,Cat
128,1,Dog
129,0,Cat
130,0,Cat
131,0,Cat
132,1,Dog
133,1,Dog
134,0,Cat
135,1,Dog
136,1,Dog
137,1,Dog
138,1,Dog
139,0,Cat
140,1,Dog
141,0,Cat
142,1,Dog
143,0,Cat
144,1,Dog
145,1,Dog
146,0,Cat
147,1,Dog
148,1,Dog
149,0,Cat
150,0,Cat
151,0,Cat
152,1,Dog
153,0,Cat
154,1,Dog
155,1,Dog
156,1,Dog
157,0,Cat
158,1,Dog
159,1,Dog
160,0,Cat
161,0,Cat
162,0,Cat
163,0,Cat
164,1,Dog
165,1,Dog
166,1,Dog
167,1,Dog
168,1,Dog
169,0,Cat
170,1,Dog
171,1,Dog
172,1,Dog
173,0,Cat
174,0,Cat
175,0,Cat
176,1,Dog
177,0,Cat
178,1,Dog
179,0,Cat
180,1,Dog
181,0,Cat
182,0,Cat
183,0,Cat
184,1,Dog
185,0,Cat
186,0,Cat
187,0,Cat
188,0,Cat
189,0,Cat
190,0,Cat
191,0,Cat
192,1,Dog
193,1,Dog
194,0,Cat
195,1,Dog
196,0,Cat
197,0,Cat
198,1,Dog
199,0,Cat
200,0,Cat
201,0,Cat
202,0,Cat
203,0,Cat
204,0,Cat
205,0,Cat
206,0,Cat
207,0,Cat
208,1,Dog
209,1,Dog
210,1,Dog
211,1,Dog
212,0,Cat
213,1,Dog
214,0,Cat
215,1,Dog
216,1,Dog
217,1,Dog
218,0,Cat
219,0,Cat
220,0,Cat
221,1,Dog
222,0,Cat
223,1,Dog
224,1,Dog
225,0,Cat
226,0,Cat
227,1,Dog
228,1,Dog
229,0,Cat
230,1,Dog
231,0,Cat
232,0,Cat
233,0,Cat
234,0,Cat
235,0,Cat
236,0,Cat
237,0,Cat
238,0,Cat
239,0,Cat
240,0,Cat
241,1,Dog
242,0,Cat
243,0,Cat
244,1,Dog
245,1,Dog
246,0,Cat
247,0,Cat
248,0,Cat
249,1,Dog
250,0,Cat
251,1,Dog
252,1,Dog
253,0,Cat
254,1,Dog
255,0,Cat
256,0,Cat
257,0,Cat
258,1,Dog
259,0,Cat
260,0,Cat
261,1,Dog
262,1,Dog
263,1,Dog
264,0,Cat
265,1,Dog
266,1,Dog
267,0,Cat
268,0,Cat
269,1,Dog
270,1,Dog
271,1,Dog
272,1,Dog
273,0,Cat
274,1,Dog
275,0,Cat
276,0,Cat
277,1,Dog
278,0,Cat
279,1,Dog
280,1,Dog
281,0,Cat
282,1,Dog
283,0,Cat
284,0,Cat
285,1,Dog
286,1,Dog
287,0,Cat
288,0,Cat
289,1,Dog
290,0,Cat
291,1,Dog
292,0,Cat
293,0,Cat
294,0,Cat
295,1,Dog
296,1,Dog
297,0,Cat
298,1,Dog
299,0,Cat
300,0,Cat
301,1,Dog
302,0,Cat
303,0,Cat
304,1,Dog
305,1,Dog
306,1,Dog
307,0,Cat
308,0,Cat
309,1,Dog
310,0,Cat
311,1,Dog
312,0,Cat
313,1,Dog
314,0,Cat
315,0,Cat
316,0,Cat
317,1,Dog
318,0,Cat
319,0,Cat
320,1,Dog
321,1,Dog
322,1,Dog
323,1,Dog
324,1,Dog
325,1,Dog
326,1,Dog
327,1,Dog
328,0,Cat
329,1,Dog
330,1,Dog
331,0,Cat
332,0,Cat
333,0,Cat
334,1,Dog
335,1,Dog
336,1,Dog
337,0,Cat
338,1,Dog
339,0,Cat
340,0,Cat
341,0,Cat
342,1,Dog
343,1,Dog
344,0,Cat
345,1,Dog
346,1,Dog
347,0,Cat
348,1,Dog
349,1,Dog
350,1,Dog
351,1,Dog
352,0,Cat
353,0,Cat
354,1,Dog
355,1,Dog
356,0,Cat
357,1,Dog
358,0,Cat
359,0,Cat
360,0,Cat
361,0,Cat
362,1,Dog
363,0,Cat
364,1,Dog
365,0,Cat
366,0,Cat
367,1,Dog
368,1,Dog
369,1,Dog
370,0,Cat
371,1,Dog
372,0,Cat
373,0,Cat
374,1,Dog
375,1,Dog
376,0,Cat
377,0,Cat
378,0,Cat
379,1,Dog
380,1,Dog
381,0,Cat
382,0,Cat
383,0,Cat
384,1,Dog
385,0,Cat
386,1,Dog
387,0,Cat
388,0,Cat
389,0,Cat
390,0,Cat
391,1,Dog
392,1,Dog
393,1,Dog
394,0,Cat
395,0,Cat
396,0,Cat
397,0,Cat
398,1,Dog
399,0,Cat
400,0,Cat
