id,color,shape,area,perimeter,x,y,width,height,cx,cy,aspect_ratio
1,Other,Circle,951.5,129.36,762,695,49,25,785,708,1.96
2,Other,Rectangle,980.5,137.36,648,694,52,26,677,708,2.0
3,Red,Rectangle,867.0,132.08,157,694,52,26,185,709,2.0
4,Other,Circle,1368.0,147.25,538,686,51,34,563,704,1.5
5,Other,Circle,1867.5,164.81,929,676,53,44,954,699,1.2
6,Other,Circle,2014.0,170.02,814,670,54,50,839,694,1.08
7,Other,Circle,1954.5,165.78,220,670,51,50,245,695,1.02
8,Other,Circle,1708.0,157.2,130,668,53,44,154,687,1.2
9,Other,Circle,1592.0,149.54,620,664,46,46,642,686,1.0
10,Other,Circle,1758.5,157.78,378,664,52,45,402,686,1.16
11,Other,Circle,2272.5,179.92,1026,654,53,57,1051,680,0.93
12,Other,Circle,2080.0,170.37,268,652,52,51,293,676,1.02
13,Other,Circle,1839.0,161.2,884,651,49,50,908,675,0.98
14,Other,Circle,1951.5,167.44,498,650,51,52,523,676,0.98
15,Other,Circle,1545.0,147.54,663,646,46,45,686,667,1.02
16,Other,Circle,1923.0,168.37,833,628,55,47,860,649,1.17
17,Other,Circle,1950.0,165.68,190,628,52,51,215,653,1.02
18,Other,Circle,4089.5,325.66,433,626,69,94,467,673,0.73
19,Other,Circle,1743.0,156.37,537,616,49,47,561,638,1.04
20,Other,Circle,2327.0,181.68,748,614,56,55,775,640,1.02
21,Other,Circle,2093.5,171.78,391,614,55,49,418,638,1.12
22,Other,Circle,2201.5,178.27,128,614,59,50,157,639,1.18
23,Other,Circle,2053.5,170.27,629,601,51,54,653,627,0.94
24,Other,Circle,1958.0,165.54,1030,599,50,50,1055,623,1.0
25,Other,Circle,2030.5,168.12,272,598,51,50,296,623,1.02
26,Other,Circle,1851.0,162.85,218,590,51,50,244,613,1.02
27,Other,Circle,1551.5,151.3,458,582,49,43,482,603,1.14
28,Other,Circle,1586.5,149.3,835,579,47,44,857,601,1.07
29,Other,Circle,1647.0,152.37,577,571,47,47,600,594,1.0
30,Other,Circle,2184.0,174.85,335,571,54,53,361,597,1.02
31,Other,Circle,1834.0,159.54,764,564,49,48,788,587,1.02
32,Other,Circle,1749.5,156.61,941,563,47,50,963,587,0.94
33,Other,Circle,1711.0,161.68,878,563,53,48,903,586,1.1
34,Other,Circle,1902.5,162.61,672,563,50,50,696,587,1.0
35,Other,Circle,1517.0,145.88,492,549,42,47,512,571,0.89
36,Other,Circle,1348.5,137.3,434,546,41,44,453,567,0.93
37,Other,Circle,1704.0,154.37,537,539,47,48,559,562,0.98
38,Other,Circle,1895.0,164.02,1,535,48,53,25,560,0.91
39,Other,Circle,1948.0,165.2,716,527,51,50,740,551,1.02
40,Other,Circle,1586.0,149.54,829,522,47,45,852,544,1.04
41,Other,Circle,1922.5,164.61,892,517,52,49,917,541,1.06
42,Other,Circle,2103.0,172.02,308,515,53,52,333,540,1.02
43,Other,Circle,2063.5,170.27,580,510,52,53,605,536,0.98
44,Other,Circle,2097.5,172.27,456,506,57,49,483,528,1.16
45,Other,Circle,1666.0,154.37,408,500,45,50,430,524,0.9
46,Other,Circle,1851.5,167.44,26,500,57,46,54,522,1.24
47,Other,Circle,1926.0,164.37,663,485,48,52,687,510,0.92
48,Other,Circle,2457.5,185.92,530,478,56,58,557,506,0.97
49,Other,Circle,1782.0,168.85,863,477,47,57,884,502,0.82
50,Other,Circle,1972.0,166.37,360,477,50,51,384,501,0.98
51,Other,Circle,1771.5,158.95,816,467,45,52,838,492,0.87
52,Other,Circle,2562.5,189.92,281,460,61,55,311,486,1.11
53,Other,Circle,2473.5,195.1,37,455,69,49,71,479,1.41
54,Other,Circle,2193.0,178.51,748,452,55,55,774,479,1.0
55,Other,Circle,2079.5,172.61,453,448,52,53,478,474,0.98
56,Other,Circle,2117.0,174.85,222,437,59,48,250,460,1.23
57,Other,Circle,1997.0,168.85,696,435,54,50,723,459,1.08
58,Other,Circle,1985.0,168.02,502,431,51,52,526,455,0.98
59,Other,Circle,1984.0,167.2,581,426,50,52,605,451,0.96
60,Other,Circle,2064.0,177.34,772,414,61,49,802,437,1.24
61,Other,Circle,1909.5,163.44,0,414,50,51,25,438,0.98
62,Other,Circle,1771.0,159.54,52,411,54,43,78,431,1.26
63,Other,Circle,2093.0,172.51,670,393,55,52,696,418,1.06
64,Other,Circle,1702.0,155.54,734,385,47,48,757,408,0.98
65,Other,Rectangle,29209.0,2059.87,0,372,243,348,128,548,0.7
66,Other,Circle,1844.0,163.2,382,366,52,48,407,389,1.08
67,Other,Circle,1856.0,161.2,466,364,50,49,490,387,1.02
68,Other,Circle,1772.5,157.78,233,362,50,47,257,385,1.06
69,Other,Circle,1773.5,159.44,48,360,52,47,72,384,1.11
70,Other,Circle,1600.0,166.23,1031,358,49,49,1053,384,1.0
71,Other,Circle,1810.5,160.61,319,345,49,50,343,369,0.98
72,Other,Circle,1525.5,147.3,956,344,42,48,975,367,0.88
73,Other,Circle,1873.5,166.12,728,332,52,48,752,356,1.08
74,Other,Circle,1632.0,156.85,83,325,55,43,107,347,1.28
75,Other,Circle,14353.0,795.98,827,323,174,161,910,405,1.08
76,Other,Circle,2305.5,180.75,782,313,59,53,811,339,1.11
77,Other,Circle,1864.0,162.37,490,311,48,51,513,336,0.94
78,Other,Circle,1725.0,164.17,203,310,60,44,229,332,1.36
79,Other,Circle,1253.5,132.81,447,308,40,41,466,327,0.98
80,Other,Circle,1691.0,155.2,26,300,48,48,49,324,1.0
81,Other,Circle,1993.5,182.27,561,290,56,55,585,318,1.02
82,Other,Circle,1964.5,167.44,351,289,50,53,375,314,0.94
83,Other,Circle,1960.5,166.75,113,285,52,53,138,310,0.98
84,Other,Circle,1710.0,155.54,746,282,48,47,768,304,1.02
85,Other,Circle,3338.0,295.22,396,278,54,93,424,324,0.58
86,Other,Circle,2177.0,177.2,605,275,50,57,628,303,0.88
87,Other,Circle,1851.5,162.61,989,274,49,51,1013,298,0.96
88,Other,Circle,1772.5,157.78,823,273,48,49,846,296,0.98
89,Other,Circle,1807.0,168.37,158,265,55,47,188,289,1.17
90,Other,Circle,3549.0,346.74,889,264,95,56,936,292,1.7
91,Other,Circle,1716.5,155.78,55,263,46,50,78,287,0.92
92,Other,Circle,1355.0,145.25,1045,260,35,49,1064,283,0.71
93,Other,Circle,1652.5,152.95,655,260,46,48,677,283,0.96
94,Other,Circle,2578.0,194.02,515,230,51,64,538,260,0.8
95,Other,Circle,1854.5,160.95,353,224,51,47,378,246,1.09
96,Other,Circle,1740.5,161.78,796,223,51,47,820,246,1.09
97,Other,Circle,4480.0,348.88,702,223,91,98,743,267,0.93
98,Other,Square,1879.0,169.2,150,223,51,52,174,248,0.98
99,Other,Circle,1705.0,155.54,105,222,43,52,126,246,0.83
100,Red,Circle,1100.5,137.01,0,215,29,50,11,239,0.58
101,Other,Circle,1508.0,144.71,566,214,45,44,587,235,1.02
102,Other,Circle,1965.5,173.44,912,211,49,57,935,240,0.86
103,Other,Circle,1573.5,149.98,1037,210,43,46,1059,232,0.93
104,Other,Circle,1651.5,152.95,309,195,47,47,332,218,1.0
105,Other,Circle,1828.0,159.2,958,194,48,50,981,218,0.96
106,Other,Circle,1885.0,163.2,869,194,49,51,892,218,0.96
107,Other,Circle,1789.0,167.2,656,194,51,50,679,219,1.02
108,Other,Circle,1541.0,150.71,808,177,46,46,829,200,1.0
109,Other,Circle,5506.0,355.02,450,174,65,119,482,234,0.55
110,Other,Circle,1812.0,162.02,354,167,48,52,377,193,0.92
111,Other,Circle,1557.0,149.2,695,165,45,48,717,188,0.94
112,Other,Circle,2085.5,188.75,746,164,61,55,778,194,1.11
113,Other,Circle,1735.0,157.2,91,163,47,50,114,188,0.94
114,Other,Circle,2084.5,170.61,992,152,53,51,1018,176,1.04
115,Other,Circle,1959.0,165.2,536,151,50,51,560,175,0.98
116,Other,Circle,2173.0,174.51,922,146,55,53,949,171,1.04
117,Other,Circle,1371.5,148.95,391,143,43,49,411,167,0.88
118,Other,Rectangle,1537.5,152.61,733,140,51,44,756,159,1.16
119,Other,Circle,1655.5,155.64,131,140,46,47,154,161,0.98
120,Other,Circle,10045.5,709.03,170,138,126,170,234,217,0.74
121,Other,Circle,2160.5,175.44,819,129,54,53,845,154,1.02
122,Other,Circle,2231.5,178.27,426,123,53,56,452,149,0.95
123,Other,Circle,1648.5,153.3,208,122,48,45,231,142,1.07
124,Other,Circle,1587.0,149.54,612,117,47,45,635,139,1.04
125,Other,Circle,2286.5,179.92,664,115,57,54,691,141,1.06
126,Other,Circle,1725.5,162.47,1038,114,42,55,1059,140,0.76
127,Other,Circle,1763.0,157.54,978,103,49,47,1001,125,1.04
128,Other,Circle,1782.0,238.51,6,95,47,71,31,127,0.66
129,Other,Circle,2196.0,176.02,482,94,54,53,508,120,1.02
130,Other,Circle,1455.0,143.05,134,93,45,42,155,113,1.07
131,Other,Rectangle,1905.5,171.92,353,92,50,57,379,122,0.88
132,Other,Circle,2064.0,170.37,727,87,53,50,752,112,1.06
133,Other,Circle,2252.5,178.27,563,80,54,55,589,107,0.98
134,Other,Circle,2032.0,170.17,843,75,57,50,870,100,1.14
135,Other,Rectangle,1762.5,178.75,394,75,67,44,424,97,1.52
136,Other,Circle,1628.5,171.1,257,75,45,61,278,103,0.74
137,Other,Circle,2044.5,169.78,211,68,53,50,236,93,1.06
138,Other,Circle,1781.0,159.2,679,64,50,48,703,87,1.04
139,Other,Circle,1817.0,160.02,953,55,49,50,976,79,0.98
140,Other,Circle,4362.5,332.15,305,46,74,104,340,93,0.71
141,Other,Circle,1904.5,166.95,894,45,55,45,921,66,1.22
142,Other,Circle,2029.0,168.85,807,41,51,53,831,66,0.96
143,Other,Circle,1847.5,167.44,634,32,47,56,656,59,0.84
144,Other,Circle,1862.0,161.2,520,26,50,49,544,49,1.02
145,Other,Circle,2114.0,172.85,578,18,52,54,603,43,0.96
146,Other,Circle,1769.5,160.95,973,10,54,44,999,32,1.23
147,Other,Circle,1260.0,133.05,165,3,41,41,184,22,1.0
148,Other,Circle,1600.0,149.05,899,0,49,41,923,19,1.2
149,Other,Circle,1291.0,140.43,788,0,47,34,811,14,1.38
150,Other,Circle,1939.5,228.12,653,0,83,38,687,13,2.18
151,Other,Rectangle,508.0,109.11,599,0,48,15,622,5,3.2
152,Other,Circle,3910.5,335.04,399,0,91,85,447,40,1.07
153,Other,Circle,1018.5,127.36,341,0,39,33,359,14,1.18
154,Other,Circle,1394.5,147.01,300,0,38,45,319,20,0.84
155,Other,Circle,1314.5,141.84,251,0,47,35,273,15,1.34
156,Other,Circle,925.0,130.43,117,0,50,26,142,10,1.92
157,Other,Circle,2677.5,218.12,0,0,57,62,25,30,0.92
