Frame,Time,Object Count,Processing Time (ms),Processing FPS
1,0.04,0,10.879,91.92
2,0.08,0,11.408,87.66
3,0.12,0,0.0,0
4,0.16,0,0.0,0
5,0.2,0,8.097,123.5
6,0.24,1,10.451,95.68
7,0.28,1,7.406,135.03
8,0.32,0,12.903,77.5
9,0.36,0,7.61,131.4
10,0.4,0,6.238,160.31
11,0.44,1,7.008,142.7
12,0.48,5,8.755,114.22
13,0.52,1,7.874,127.01
14,0.56,0,4.997,200.1
15,0.6,0,9.894,101.07
16,0.64,0,0.0,0
17,0.68,1,7.009,142.68
18,0.72,2,9.315,107.35
19,0.76,1,5.991,166.92
20,0.8,1,6.999,142.87
21,0.84,1,5.33,187.61
22,0.88,2,5.454,183.37
23,0.92,2,12.209,81.9
24,0.96,3,10.79,92.68
25,1.0,2,5.304,188.52
26,1.04,3,13.375,74.76
27,1.08,5,6.111,163.64
28,1.12,4,5.891,169.75
29,1.16,3,12.276,81.46
30,1.2,3,8.325,120.12
31,1.24,3,4.007,249.59
32,1.28,4,10.615,94.21
33,1.32,5,7.912,126.39
34,1.36,4,12.71,78.68
35,1.4,5,7.286,137.25
36,1.44,5,3.388,295.19
37,1.48,4,7.015,142.56
38,1.52,4,9.956,100.44
39,1.56,4,8.548,116.99
40,1.6,3,2.853,350.46
41,1.64,4,13.483,74.17
42,1.68,4,5.091,196.41
43,1.72,5,8.188,122.12
44,1.76,4,4.041,247.47
45,1.8,4,5.088,196.55
46,1.84,3,13.186,75.84
47,1.88,5,3.145,317.94
48,1.92,5,3.426,291.92
49,1.96,4,13.327,75.03
50,2.0,3,0.0,0
51,2.04,3,4.41,226.78
52,2.08,3,12.395,80.68
53,2.12,3,0.0,0
54,2.16,5,4.195,238.37
55,2.2,5,12.786,78.21
56,2.24,5,5.95,168.05
57,2.28,5,2.017,495.78
58,2.32,5,13.203,75.74
59,2.36,5,6.535,153.02
60,2.4,5,12.728,78.57
61,2.44,5,9.018,110.89
62,2.48,4,4.999,200.02
63,2.52,4,7.092,141.0
64,2.56,4,2.017,495.78
65,2.6,4,3.529,283.36
66,2.64,4,14.963,66.83
67,2.68,4,0.0,0
68,2.72,4,6.687,149.55
69,2.76,4,8.512,117.48
70,2.8,4,11.118,89.94
71,2.84,4,0.0,0
72,2.88,4,6.005,166.53
73,2.92,6,7.038,142.09
74,2.96,5,9.135,109.47
75,3.0,6,9.276,107.8
76,3.04,6,11.121,89.92
77,3.08,6,9.636,103.78
78,3.12,6,6.484,154.23
79,3.16,6,4.421,226.18
80,3.2,6,12.697,78.76
81,3.24,5,7.801,128.19
82,3.28,5,5.496,181.97
83,3.32,6,11.685,85.58
84,3.36,6,7.449,134.24
85,3.4,7,2.994,333.99
86,3.44,7,15.442,64.76
87,3.48,6,7.272,137.51
88,3.52,6,2.513,397.98
89,3.56,6,11.384,87.84
90,3.6,6,7.164,139.6
91,3.64,6,2.759,362.48
92,3.68,6,14.419,69.35
93,3.72,7,7.824,127.81
94,3.76,6,2.686,372.26
95,3.8,6,14.458,69.17
96,3.84,6,7.357,135.92
97,3.88,7,5.223,191.46
98,3.92,7,10.968,91.18
99,3.96,7,6.972,143.44
100,4.0,7,3.318,301.36
101,4.04,7,15.259,65.53
102,4.08,6,7.265,137.65
103,4.12,6,6.811,146.81
104,4.16,6,2.019,495.2
105,4.2,6,6.864,145.68
106,4.24,6,12.553,79.66
107,4.28,6,9.361,106.83
108,4.32,6,7.141,140.03
109,4.36,6,3.326,300.65
110,4.4,6,14.701,68.02
111,4.44,6,7.636,130.96
112,4.48,6,5.9,169.49
113,4.52,6,7.126,140.32
114,4.56,7,6.456,154.89
115,4.6,6,12.132,82.43
116,4.64,6,16.618,60.17
117,4.68,5,7.543,132.58
118,4.72,5,5.999,166.69
119,4.76,6,7.778,128.56
120,4.8,5,6.406,156.1
121,4.84,5,7.997,125.05
122,4.88,5,9.001,111.1
123,4.92,6,9.999,100.01
124,4.96,5,10.002,99.98
125,5.0,6,9.001,111.09
126,5.04,6,6.999,142.88
127,5.08,6,7.999,125.01
128,5.12,6,9.001,111.1
129,5.16,6,7.163,139.61
130,5.2,6,12.0,83.33
131,5.24,6,8.003,124.96
132,5.28,6,7.001,142.83
133,5.32,6,8.001,124.99
134,5.36,7,8.001,124.98
135,5.4,7,8.001,124.99
136,5.44,7,8.002,124.97
137,5.48,6,8.0,125.0
138,5.52,7,7.002,142.81
139,5.56,6,7.004,142.77
140,5.6,7,6.997,142.93
141,5.64,6,7.008,142.69
142,5.68,6,7.0,142.85
143,5.72,6,7.0,142.86
144,5.76,6,7.001,142.84
145,5.8,6,6.0,166.67
146,5.84,6,6.999,142.87
147,5.88,7,6.985,143.16
148,5.92,7,6.998,142.89
149,5.96,7,7.007,142.71
150,6.0,7,9.986,100.14
151,6.04,7,11.919,83.9
152,6.08,7,8.009,124.86
153,6.12,7,8.995,111.18
154,6.16,9,8.0,125.0
155,6.2,6,7.016,142.52
156,6.24,8,10.004,99.96
157,6.28,9,7.004,142.78
158,6.32,9,6.999,142.88
159,6.36,8,7.005,142.76
160,6.4,8,7.997,125.05
161,6.44,7,7.087,141.11
162,6.48,6,6.999,142.87
163,6.52,5,8.997,111.15
164,6.56,6,8.003,124.96
165,6.6,7,9.009,111.0
166,6.64,6,9.0,111.11
167,6.68,7,8.006,124.91
168,6.72,7,8.994,111.19
169,6.76,7,9.001,111.1
170,6.8,8,6.992,143.02
171,6.84,8,9.005,111.05
172,6.88,8,8.017,124.74
173,6.92,9,6.996,142.95
174,6.96,8,7.004,142.78
175,7.0,9,10.001,99.99
176,7.04,9,7.993,125.1
177,7.08,10,8.0,124.99
178,7.12,9,8.999,111.12
179,7.16,8,7.0,142.85
180,7.2,7,8.535,117.16
181,7.24,7,8.0,125.0
182,7.28,7,8.003,124.96
183,7.32,7,8.008,124.87
184,7.36,7,8.998,111.13
185,7.4,7,7.998,125.04
186,7.44,7,8.003,124.96
187,7.48,7,9.016,110.92
188,7.52,7,8.005,124.92
189,7.56,7,9.009,111.0
190,7.6,7,8.001,124.99
191,7.64,7,8.005,124.93
192,7.68,7,8.007,124.89
193,7.72,8,8.999,111.12
194,7.76,8,7.995,125.08
195,7.8,9,8.997,111.14
196,7.84,9,8.994,111.19
197,7.88,8,7.995,125.07
198,7.92,8,6.998,142.9
199,7.96,9,7.001,142.84
200,8.0,8,7.001,142.84
201,8.04,8,7.001,142.84
202,8.08,8,6.999,142.87
203,8.12,9,7.999,125.01
204,8.16,8,7.0,142.85
205,8.2,8,6.998,142.89
206,8.24,8,7.0,142.86
207,8.28,9,7.0,142.85
208,8.32,7,7.015,142.56
209,8.36,6,7.999,125.02
210,8.4,6,6.0,166.66
211,8.44,7,7.002,142.82
212,8.48,7,9.005,111.05
213,8.52,7,7.004,142.78
214,8.56,7,8.001,124.99
215,8.6,8,9.016,110.92
216,8.64,8,9.001,111.1
217,8.68,8,7.004,142.78
218,8.72,7,8.994,111.19
219,8.76,8,7.999,125.02
220,8.8,7,9.01,110.98
221,8.84,11,8.822,113.36
222,8.88,8,8.0,125.0
223,8.92,7,9.206,108.62
224,8.96,9,10.0,100.0
225,9.0,8,9.072,110.23
226,9.04,8,8.013,124.8
227,9.08,8,8.993,111.2
228,9.12,7,8.0,124.99
229,9.16,10,7.194,139.01
230,9.2,9,6.0,166.67
231,9.24,9,6.23,160.52
232,9.28,9,7.108,140.68
233,9.32,7,7.015,142.55
234,9.36,7,6.0,166.68
235,9.4,7,7.218,138.54
236,9.44,7,6.999,142.87
237,9.48,8,7.064,141.57
238,9.52,6,6.0,166.67
239,9.56,6,7.0,142.86
240,9.6,6,6.0,166.68
241,9.64,7,7.001,142.83
242,9.68,7,7.002,142.81
243,9.72,7,7.0,142.85
244,9.76,7,9.995,100.05
245,9.8,7,8.997,111.15
246,9.84,8,7.999,125.01
247,9.88,8,7.002,142.82
248,9.92,7,7.001,142.84
249,9.96,8,9.0,111.11
250,10.0,8,8.009,124.85
251,10.04,10,7.993,125.11
252,10.08,9,8.006,124.9
253,10.12,9,6.993,143.0
254,10.16,9,8.001,124.99
255,10.2,8,8.0,124.99
256,10.24,9,6.997,142.92
257,10.28,7,7.999,125.01
258,10.32,9,10.005,99.95
259,10.36,9,12.019,83.2
260,10.4,10,9.0,111.11
261,10.44,9,8.0,124.99
262,10.48,9,8.008,124.87
263,10.52,8,8.0,125.01
264,10.56,7,7.998,125.03
265,10.6,7,7.006,142.74
266,10.64,9,7.999,125.01
267,10.68,8,7.001,142.84
268,10.72,7,7.006,142.73
269,10.76,6,7.998,125.03
270,10.8,6,7.003,142.79
271,10.84,7,7.001,142.84
272,10.88,6,7.001,142.83
273,10.92,7,7.999,125.01
274,10.96,7,7.996,125.07
275,11.0,7,7.999,125.01
276,11.04,7,9.001,111.1
277,11.08,8,8.991,111.22
278,11.12,8,8.0,125.01
279,11.16,9,7.995,125.08
280,11.2,9,8.0,125.01
281,11.24,11,8.994,111.19
282,11.28,10,10.0,100.0
283,11.32,10,9.001,111.1
284,11.36,10,9.072,110.23
285,11.4,9,8.001,124.98
286,11.44,9,7.007,142.71
287,11.48,10,6.999,142.88
288,11.52,9,10.995,90.95
289,11.56,11,11.998,83.35
290,11.6,11,7.999,125.01
291,11.64,10,7.001,142.83
292,11.68,10,7.998,125.02
293,11.72,9,7.916,126.32
294,11.76,9,7.003,142.8
295,11.8,10,6.999,142.87
296,11.84,10,7.0,142.86
297,11.88,10,7.08,141.25
298,11.92,11,7.991,125.14
299,11.96,11,8.002,124.97
300,12.0,12,7.992,125.12
301,12.04,10,7.994,125.1
302,12.08,10,7.009,142.67
303,12.12,10,7.99,125.16
304,12.16,10,8.0,125.0
305,12.2,12,11.002,90.9
306,12.24,12,10.001,99.99
307,12.28,11,10.002,99.98
308,12.32,11,8.997,111.15
309,12.36,11,10.007,99.93
310,12.4,10,11.002,90.9
311,12.44,11,11.003,90.88
312,12.48,12,12.936,77.3
313,12.52,11,8.185,122.18
314,12.56,13,10.999,90.92
315,12.6,13,10.001,99.99
316,12.64,11,10.0,100.0
317,12.68,12,9.999,100.01
318,12.72,14,10.004,99.96
319,12.76,12,10.002,99.98
320,12.8,11,9.998,100.02
321,12.84,12,7.998,125.03
322,12.88,12,10.0,100.0
323,12.92,13,9.002,111.08
324,12.96,11,8.0,125.0
325,13.0,13,7.999,125.01
326,13.04,10,9.997,100.03
327,13.08,10,9.001,111.1
328,13.12,10,8.996,111.16
329,13.16,9,9.0,111.11
330,13.2,10,9.0,111.12
331,13.24,9,7.999,125.01
332,13.28,9,7.999,125.02
333,13.32,10,8.914,112.18
334,13.36,10,8.001,124.98
335,13.4,10,8.003,124.95
336,13.44,10,7.993,125.11
337,13.48,10,8.0,125.0
338,13.52,11,7.001,142.84
339,13.56,12,8.0,125.01
340,13.6,12,8.0,125.01
341,13.64,12,8.0,124.99
342,13.68,10,8.0,125.0
343,13.72,11,7.995,125.08
344,13.76,11,8.0,125.01
345,13.8,10,7.0,142.85
346,13.84,10,6.999,142.87
347,13.88,11,8.0,125.0
348,13.92,12,6.999,142.88
349,13.96,10,10.022,99.78
350,14.0,10,8.999,111.12
351,14.04,10,7.0,142.86
352,14.08,9,8.005,124.92
353,14.12,9,7.996,125.06
354,14.16,10,8.998,111.14
355,14.2,9,8.999,111.12
356,14.24,9,8.997,111.15
357,14.28,9,8.001,124.98
358,14.32,11,9.999,100.01
359,14.36,10,7.999,125.01
360,14.4,10,7.0,142.85
361,14.44,10,9.01,110.98
362,14.48,10,8.007,124.89
363,14.52,10,6.999,142.87
364,14.56,10,8.0,125.0
365,14.6,10,7.996,125.07
366,14.64,11,8.007,124.89
367,14.68,11,9.002,111.08
368,14.72,11,10.005,99.95
369,14.76,11,7.999,125.01
370,14.8,11,8.988,111.25
371,14.84,10,7.991,125.14
372,14.88,10,6.999,142.87
373,14.92,10,8.0,125.01
374,14.96,11,7.993,125.11
375,15.0,11,6.992,143.02
376,15.04,12,6.998,142.89
377,15.08,10,9.992,100.08
378,15.12,10,8.993,111.2
379,15.16,10,8.083,123.71
380,15.2,13,8.243,121.32
381,15.24,11,7.997,125.04
382,15.28,10,8.999,111.12
383,15.32,9,8.0,124.99
384,15.36,10,8.994,111.19
385,15.4,12,14.004,71.41
386,15.44,12,9.998,100.02
387,15.48,11,10.002,99.98
388,15.52,11,9.002,111.09
389,15.56,9,8.997,111.14
390,15.6,10,7.002,142.82
391,15.64,10,8.697,114.98
392,15.68,10,8.24,121.36
393,15.72,9,8.998,111.13
394,15.76,11,8.993,111.2
395,15.8,11,9.0,111.11
396,15.84,12,9.0,111.11
397,15.88,11,7.001,142.84
398,15.92,10,7.999,125.01
399,15.96,12,8.0,125.0
400,16.0,11,7.0,142.85
401,16.04,11,9.0,111.11
402,16.08,11,7.0,142.86
403,16.12,11,7.0,142.85
404,16.16,12,7.0,142.85
405,16.2,13,8.0,125.0
406,16.24,12,8.0,125.0
407,16.28,14,8.0,125.0
408,16.32,13,7.0,142.85
409,16.36,14,8.0,125.0
410,16.4,13,9.001,111.1
411,16.44,14,8.0,125.01
412,16.48,14,8.0,125.0
413,16.52,12,7.0,142.86
414,16.56,15,8.0,124.99
415,16.6,12,10.282,97.26
416,16.64,13,8.925,112.04
417,16.68,14,10.001,99.99
418,16.72,12,9.005,111.05
419,16.76,14,9.995,100.05
420,16.8,14,7.0,142.85
421,16.84,14,10.001,99.99
422,16.88,14,9.997,100.03
423,16.92,13,7.008,142.7
424,16.96,14,9.0,111.11
425,17.0,14,8.002,124.97
426,17.04,14,9.002,111.09
427,17.08,15,10.005,99.95
428,17.12,12,8.003,124.95
429,17.16,13,13.067,76.53
430,17.2,16,8.016,124.75
431,17.24,15,7.999,125.02
432,17.28,12,9.001,111.1
433,17.32,13,9.916,100.85
434,17.36,14,7.001,142.84
435,17.4,14,10.999,90.91
436,17.44,14,8.005,124.93
437,17.48,15,7.993,125.11
438,17.52,15,8.993,111.2
439,17.56,14,6.997,142.93
440,17.6,15,8.997,111.15
441,17.64,15,8.012,124.81
442,17.68,13,7.999,125.01
443,17.72,13,8.0,125.0
444,17.76,14,7.999,125.01
445,17.8,14,7.001,142.83
446,17.84,13,6.999,142.88
447,17.88,13,7.003,142.8
448,17.92,12,8.01,124.85
449,17.96,13,8.005,124.92
450,18.0,14,7.998,125.04
451,18.04,13,8.0,125.0
452,18.08,13,12.002,83.32
453,18.12,13,9.0,111.11
454,18.16,13,14.001,71.43
455,18.2,16,8.08,123.77
456,18.24,15,6.989,143.09
457,18.28,14,8.012,124.82
458,18.32,11,8.999,111.13
459,18.36,11,8.011,124.83
460,18.4,13,7.007,142.71
461,18.44,14,7.999,125.01
462,18.48,13,7.0,142.85
463,18.52,13,8.0,125.0
464,18.56,13,7.002,142.82
465,18.6,13,8.003,124.95
466,18.64,14,7.002,142.82
467,18.68,14,10.016,99.84
468,18.72,14,7.004,142.78
469,18.76,15,7.995,125.07
470,18.8,13,6.997,142.92
471,18.84,14,8.998,111.13
472,18.88,12,7.001,142.84
473,18.92,13,7.0,142.86
474,18.96,11,7.993,125.11
475,19.0,11,7.009,142.68
476,19.04,11,6.999,142.88
477,19.08,12,6.998,142.89
478,19.12,10,7.008,142.7
479,19.16,11,8.0,124.99
480,19.2,11,8.999,111.13
481,19.24,11,7.005,142.75
482,19.28,8,7.004,142.77
483,19.32,8,6.997,142.92
484,19.36,8,6.991,143.05
485,19.4,8,7.003,142.79
486,19.44,8,7.0,142.86
487,19.48,9,8.0,125.0
488,19.52,8,5.999,166.69
489,19.56,9,6.999,142.87
490,19.6,8,7.001,142.83
491,19.64,7,9.0,111.11
492,19.68,8,7.0,142.86
493,19.72,6,8.0,125.0
494,19.76,8,8.0,125.0
495,19.8,6,8.0,125.0
496,19.84,5,8.003,124.96
497,19.88,6,8.007,124.89
498,19.92,6,9.003,111.07
499,19.96,7,9.464,105.67
500,20.0,6,8.999,111.12
501,20.04,7,6.998,142.9
502,20.08,7,9.0,111.11
503,20.12,9,7.999,125.02
504,20.16,9,7.002,142.82
505,20.2,8,8.005,124.92
506,20.24,9,8.996,111.16
507,20.28,10,9.001,111.1
508,20.32,8,9.0,111.11
509,20.36,9,8.004,124.94
510,20.4,10,8.003,124.95
511,20.44,9,8.994,111.19
512,20.48,8,8.983,111.32
513,20.52,8,9.982,100.18
514,20.56,8,9.014,110.94
515,20.6,8,7.994,125.1
516,20.64,8,6.994,142.97
517,20.68,8,7.002,142.82
518,20.72,8,8.998,111.13
519,20.76,9,26.0,38.46
520,20.8,9,19.997,50.01
521,20.84,9,9.001,111.1
522,20.88,9,11.002,90.89
523,20.92,8,8.998,111.14
524,20.96,10,6.993,143.0
525,21.0,9,7.017,142.51
526,21.04,12,8.003,124.96
527,21.08,10,8.003,124.95
528,21.12,11,8.005,124.93
529,21.16,9,7.002,142.82
530,21.2,10,6.999,142.87
531,21.24,10,7.999,125.01
532,21.28,9,7.001,142.83
533,21.32,10,6.993,142.99
534,21.36,9,9.0,111.11
535,21.4,9,9.001,111.1
536,21.44,9,7.002,142.82
537,21.48,9,9.0,111.11
538,21.52,9,10.01,99.9
539,21.56,10,9.993,100.07
540,21.6,10,6.99,143.05
541,21.64,9,9.007,111.03
542,21.68,10,7.998,125.02
543,21.72,9,7.999,125.02
544,21.76,9,8.999,111.13
545,21.8,8,9.01,110.99
546,21.84,8,8.994,111.18
547,21.88,8,10.001,99.99
548,21.92,7,8.0,124.99
549,21.96,7,7.002,142.81
550,22.0,7,8.0,125.01
551,22.04,7,7.995,125.07
552,22.08,7,8.002,124.97
553,22.12,8,7.997,125.04
554,22.16,9,7.0,142.85
555,22.2,10,7.003,142.79
556,22.24,9,8.007,124.89
557,22.28,9,10.0,100.0
558,22.32,9,6.999,142.87
559,22.36,9,9.0,111.11
560,22.4,7,8.015,124.76
561,22.44,7,7.0,142.86
562,22.48,7,8.999,111.12
563,22.52,7,7.996,125.07
564,22.56,8,8.0,125.0
565,22.6,8,7.016,142.53
566,22.64,8,10.0,100.0
567,22.68,9,7.988,125.18
568,22.72,9,8.01,124.85
569,22.76,9,8.008,124.88
570,22.8,10,9.0,111.11
571,22.84,10,7.989,125.17
572,22.88,11,7.006,142.73
573,22.92,10,6.998,142.9
574,22.96,10,9.001,111.1
575,23.0,10,8.0,125.01
576,23.04,10,7.995,125.08
577,23.08,11,6.997,142.92
578,23.12,10,6.996,142.95
579,23.16,10,7.0,142.86
580,23.2,10,7.0,142.86
581,23.24,10,6.993,143.01
582,23.28,10,6.999,142.87
583,23.32,10,6.002,166.62
584,23.36,10,8.0,125.0
585,23.4,11,7.002,142.82
586,23.44,11,6.995,142.96
587,23.48,10,8.0,124.99
588,23.52,13,7.006,142.74
589,23.56,10,7.999,125.01
590,23.6,12,9.004,111.06
591,23.64,9,7.997,125.05
592,23.68,10,8.001,124.98
593,23.72,10,8.007,124.9
594,23.76,10,8.999,111.12
595,23.8,10,8.0,124.99
596,23.84,10,8.995,111.18
597,23.88,9,7.996,125.06
598,23.92,9,7.001,142.83
599,23.96,9,7.997,125.04
600,24.0,10,7.998,125.03
601,24.04,10,8.0,125.0
602,24.08,10,7.994,125.09
603,24.12,10,6.992,143.01
604,24.16,10,8.0,125.0
605,24.2,10,9.0,111.11
606,24.24,9,7.001,142.84
607,24.28,9,9.0,111.11
608,24.32,10,8.0,125.0
609,24.36,10,9.0,111.11
610,24.4,10,8.0,125.0
611,24.44,9,9.0,111.11
612,24.48,9,8.0,125.0
613,24.52,9,8.002,124.97
614,24.56,9,8.997,111.15
615,24.6,9,7.017,142.51
616,24.64,9,8.998,111.13
617,24.68,9,8.999,111.13
618,24.72,8,7.001,142.84
619,24.76,9,7.998,125.02
620,24.8,11,8.0,124.99
621,24.84,11,8.0,125.0
622,24.88,11,8.002,124.98
623,24.92,12,8.002,124.97
624,24.96,11,6.999,142.88
625,25.0,13,7.0,142.85
626,25.04,13,6.0,166.67
627,25.08,13,6.995,142.96
628,25.12,12,7.015,142.54
629,25.16,12,7.0,142.86
630,25.2,13,7.551,132.43
631,25.24,12,8.999,111.13
632,25.28,13,8.001,124.99
633,25.32,13,9.0,111.11
634,25.36,12,8.0,125.0
635,25.4,12,8.0,125.0
636,25.44,12,7.994,125.09
637,25.48,12,6.999,142.87
638,25.52,13,6.999,142.87
639,25.56,11,6.999,142.87
640,25.6,11,7.999,125.01
641,25.64,10,7.0,142.86
642,25.68,12,7.0,142.86
643,25.72,12,8.0,125.0
644,25.76,12,7.996,125.07
645,25.8,11,7.001,142.83
646,25.84,12,9.001,111.1
647,25.88,10,8.002,124.96
648,25.92,11,7.924,126.2
649,25.96,10,7.002,142.81
650,26.0,10,8.0,125.0
651,26.04,11,8.0,124.99
652,26.08,11,11.006,90.86
653,26.12,11,9.005,111.05
654,26.16,11,10.0,100.0
655,26.2,11,6.999,142.88
656,26.24,11,7.999,125.01
657,26.28,10,7.0,142.85
658,26.32,10,7.0,142.85
659,26.36,10,7.0,142.86
660,26.4,10,7.999,125.01
661,26.44,10,6.993,143.0
662,26.48,11,7.008,142.69
663,26.52,12,7.999,125.01
664,26.56,11,7.001,142.84
665,26.6,11,7.001,142.84
666,26.64,11,6.999,142.87
667,26.68,11,7.001,142.84
668,26.72,13,6.997,142.92
669,26.76,12,7.001,142.84
670,26.8,10,7.0,142.85
671,26.84,11,8.008,124.88
672,26.88,11,7.0,142.86
673,26.92,11,6.997,142.92
674,26.96,11,6.999,142.87
675,27.0,9,7.0,142.85
676,27.04,12,8.002,124.98
677,27.08,10,6.921,144.48
678,27.12,11,8.0,125.01
679,27.16,10,8.0,125.0
680,27.2,9,7.999,125.01
681,27.24,9,7.0,142.86
682,27.28,9,7.0,142.86
683,27.32,9,7.0,142.86
684,27.36,9,7.999,125.01
685,27.4,9,7.0,142.85
686,27.44,9,7.0,142.86
687,27.48,10,6.998,142.9
688,27.52,9,8.0,124.99
689,27.56,9,7.999,125.01
690,27.6,9,8.0,125.01
691,27.64,9,8.0,125.01
692,27.68,9,8.0,125.01
693,27.72,9,7.001,142.84
694,27.76,9,7.0,142.86
695,27.8,9,7.003,142.8
696,27.84,9,7.0,142.86
697,27.88,8,8.0,125.01
698,27.92,8,8.0,125.0
699,27.96,8,8.0,125.0
700,28.0,8,7.999,125.01
701,28.04,8,7.999,125.01
702,28.08,8,7.0,142.86
703,28.12,8,7.0,142.86
704,28.16,8,9.0,111.11
705,28.2,8,8.999,111.12
706,28.24,8,7.993,125.11
707,28.28,8,7.998,125.04
708,28.32,8,8.0,125.0
709,28.36,9,6.999,142.87
710,28.4,7,8.0,125.0
711,28.44,7,7.0,142.86
712,28.48,7,8.001,124.99
713,28.52,7,6.992,143.02
714,28.56,7,10.997,90.93
715,28.6,7,8.996,111.16
716,28.64,7,7.999,125.01
717,28.68,7,10.314,96.95
718,28.72,8,9.001,111.1
719,28.76,8,8.999,111.12
720,28.8,8,9.001,111.1
721,28.84,8,9.997,100.03
722,28.88,8,7.001,142.84
723,28.92,8,8.995,111.18
724,28.96,8,6.999,142.87
725,29.0,9,6.999,142.88
726,29.04,8,7.991,125.14
727,29.08,8,7.998,125.02
728,29.12,8,8.0,124.99
729,29.16,9,7.0,142.85
730,29.2,10,7.343,136.19
731,29.24,10,7.0,142.86
732,29.28,8,8.0,125.0
733,29.32,9,9.0,111.11
734,29.36,8,7.999,125.02
735,29.4,8,9.024,110.81
736,29.44,8,10.158,98.44
737,29.48,9,9.999,100.01
738,29.52,8,9.007,111.03
739,29.56,8,8.0,125.0
740,29.6,9,10.002,99.98
741,29.64,8,7.998,125.03
742,29.68,8,9.0,111.11
743,29.72,9,7.0,142.86
744,29.76,8,7.0,142.86
745,29.8,9,6.993,142.99
746,29.84,9,8.999,111.12
747,29.88,9,8.0,125.0
748,29.92,10,8.0,125.0
749,29.96,10,7.001,142.84
750,30.0,10,7.0,142.86
751,30.04,8,8.0,125.0
752,30.08,7,8.0,125.0
753,30.12,7,8.0,125.01
754,30.16,7,7.997,125.05
755,30.2,9,7.0,142.86
756,30.24,7,7.0,142.85
757,30.28,7,7.0,142.86
758,30.32,7,7.0,142.85
759,30.36,6,7.0,142.86
760,30.4,6,6.999,142.87
761,30.44,7,7.0,142.85
762,30.48,6,8.065,124.0
763,30.52,8,8.007,124.9
764,30.56,6,8.999,111.12
765,30.6,7,8.0,125.0
766,30.64,6,8.0,125.0
767,30.68,8,8.001,124.98
768,30.72,9,7.0,142.86
769,30.76,9,6.999,142.87
770,30.8,9,7.0,142.86
771,30.84,9,8.0,125.01
772,30.88,9,7.001,142.84
773,30.92,9,7.0,142.86
774,30.96,9,6.0,166.68
775,31.0,9,7.999,125.02
776,31.04,9,8.002,124.98
777,31.08,9,6.999,142.88
778,31.12,9,6.999,142.88
779,31.16,9,7.0,142.86
780,31.2,9,7.0,142.85
781,31.24,9,7.998,125.04
782,31.28,9,8.0,125.0
783,31.32,9,8.0,124.99
784,31.36,9,9.0,111.11
785,31.4,9,8.0,125.0
786,31.44,9,6.999,142.87
787,31.48,9,8.0,125.0
788,31.52,9,6.999,142.87
789,31.56,9,7.014,142.58
790,31.6,9,7.0,142.85
791,31.64,9,7.0,142.86
792,31.68,10,8.0,125.0
793,31.72,10,7.0,142.86
794,31.76,10,6.999,142.87
795,31.8,9,7.0,142.86
796,31.84,10,6.999,142.87
797,31.88,10,7.0,142.86
798,31.92,8,8.008,124.88
799,31.96,8,7.0,142.86
800,32.0,9,8.006,124.9
801,32.04,9,8.0,125.0
802,32.08,9,7.001,142.84
803,32.12,9,6.999,142.88
804,32.16,8,7.004,142.78
805,32.2,9,6.999,142.87
806,32.24,9,7.001,142.84
807,32.28,9,7.0,142.85
808,32.32,9,7.0,142.86
809,32.36,8,7.0,142.85
810,32.4,8,7.007,142.71
811,32.44,8,8.0,125.0
812,32.48,10,7.0,142.85
813,32.52,10,8.0,125.0
814,32.56,9,7.001,142.84
815,32.6,10,6.0,166.66
816,32.64,9,6.0,166.67
817,32.68,9,6.0,166.68
818,32.72,10,7.002,142.82
819,32.76,9,7.0,142.85
820,32.8,10,8.995,111.18
821,32.84,9,7.0,142.85
822,32.88,7,8.0,125.01
823,32.92,10,6.999,142.87
824,32.96,9,7.0,142.86
825,33.0,10,7.0,142.86
826,33.04,10,7.55,132.45
827,33.08,10,7.0,142.86
828,33.12,9,6.0,166.67
829,33.16,9,7.0,142.86
830,33.2,10,7.026,142.33
831,33.24,8,7.002,142.82
832,33.28,9,7.0,142.86
833,33.32,8,7.0,142.85
834,33.36,8,6.0,166.68
835,33.4,8,6.999,142.89
836,33.44,7,9.0,111.11
837,33.48,8,7.0,142.85
838,33.52,7,8.999,111.13
839,33.56,7,8.0,125.01
840,33.6,8,8.0,125.0
841,33.64,7,7.001,142.84
842,33.68,7,8.0,125.0
843,33.72,7,8.001,124.99
844,33.76,6,8.002,124.98
845,33.8,6,7.001,142.84
846,33.84,6,6.0,166.67
847,33.88,6,6.999,142.87
848,33.92,6,7.0,142.86
849,33.96,6,8.0,125.01
850,34.0,6,6.999,142.87
851,34.04,6,6.0,166.67
852,34.08,6,8.002,124.98
853,34.12,6,6.0,166.68
854,34.16,4,9.0,111.11
855,34.2,5,9.0,111.11
856,34.24,4,8.0,125.0
857,34.28,5,9.0,111.11
858,34.32,5,9.0,111.11
859,34.36,5,7.0,142.85
860,34.4,5,7.998,125.03
861,34.44,5,6.996,142.93
862,34.48,5,6.999,142.89
863,34.52,5,6.998,142.9
864,34.56,5,6.0,166.67
865,34.6,5,8.456,118.27
866,34.64,5,6.001,166.65
867,34.68,5,6.001,166.63
868,34.72,5,6.0,166.67
869,34.76,5,0.0,0
870,34.8,5,8.0,125.01
871,34.84,5,9.002,111.08
872,34.88,5,8.0,124.99
873,34.92,5,6.007,166.48
874,34.96,5,7.0,142.85
875,35.0,5,7.0,142.86
876,35.04,5,7.0,142.85
877,35.08,7,6.0,166.67
878,35.12,6,8.0,125.01
879,35.16,6,8.0,125.0
880,35.2,7,7.0,142.86
881,35.24,7,8.0,124.99
882,35.28,6,6.001,166.65
883,35.32,5,7.0,142.85
884,35.36,6,7.0,142.86
885,35.4,6,9.0,111.11
886,35.44,7,8.0,125.0
887,35.48,7,8.008,124.88
888,35.52,6,7.0,142.86
889,35.56,7,10.001,99.99
890,35.6,7,8.0,125.01
891,35.64,7,8.007,124.89
892,35.68,8,8.0,125.0
893,35.72,7,7.001,142.84
894,35.76,6,7.001,142.84
895,35.8,7,7.0,142.86
896,35.84,7,7.999,125.02
897,35.88,7,7.0,142.86
898,35.92,6,6.999,142.88
899,35.96,7,7.0,142.86
900,36.0,7,6.999,142.87
901,36.04,7,6.0,166.67
902,36.08,7,6.0,166.68
903,36.12,6,8.995,111.17
904,36.16,7,6.0,166.67
905,36.2,6,6.0,166.66
906,36.24,6,7.007,142.72
907,36.28,6,8.007,124.89
908,36.32,5,5.999,166.69
909,36.36,5,7.995,125.08
910,36.4,5,8.0,125.0
911,36.44,6,8.0,125.01
912,36.48,5,8.0,125.01
913,36.52,5,7.0,142.85
914,36.56,6,8.003,124.96
915,36.6,5,7.0,142.86
916,36.64,6,7.007,142.71
917,36.68,6,7.009,142.67
918,36.72,5,6.993,142.99
919,36.76,5,7.002,142.82
920,36.8,5,7.006,142.73
921,36.84,5,7.0,142.85
922,36.88,5,7.994,125.09
923,36.92,5,10.006,99.94
924,36.96,5,9.014,110.94
925,37.0,5,6.001,166.65
926,37.04,5,7.0,142.86
927,37.08,5,7.0,142.86
928,37.12,6,7.0,142.86
929,37.16,6,8.002,124.98
930,37.2,6,7.0,142.85
931,37.24,6,6.999,142.87
932,37.28,6,7.0,142.85
933,37.32,6,6.0,166.68
934,37.36,6,8.0,125.01
935,37.4,6,8.0,125.01
936,37.44,6,7.996,125.06
937,37.48,6,8.0,125.0
938,37.52,6,9.004,111.07
939,37.56,7,7.015,142.56
940,37.6,7,6.999,142.87
941,37.64,7,6.781,147.46
942,37.68,7,6.999,142.89
943,37.72,6,6.996,142.94
944,37.76,7,9.42,106.16
945,37.8,6,8.09,123.61
946,37.84,7,7.0,142.86
947,37.88,6,11.008,90.84
948,37.92,7,8.0,125.0
949,37.96,6,7.0,142.86
950,38.0,6,8.001,124.99
951,38.04,7,8.002,124.98
952,38.08,6,7.0,142.86
953,38.12,6,8.0,125.0
954,38.16,6,7.004,142.78
955,38.2,7,9.0,111.12
956,38.24,7,9.0,111.11
957,38.28,8,7.0,142.85
958,38.32,8,9.0,111.11
959,38.36,6,9.0,111.11
960,38.4,9,7.447,134.29
961,38.44,9,8.0,125.0
962,38.48,9,9.0,111.11
963,38.52,8,8.0,125.0
964,38.56,7,8.001,124.98
965,38.6,6,8.0,124.99
966,38.64,6,8.013,124.8
967,38.68,7,9.0,111.11
968,38.72,8,8.0,124.99
969,38.76,7,6.999,142.87
970,38.8,6,9.0,111.11
971,38.84,7,8.0,125.0
972,38.88,6,7.0,142.85
973,38.92,6,7.0,142.85
974,38.96,8,8.0,124.99
975,39.0,7,7.0,142.86
976,39.04,7,7.0,142.85
977,39.08,7,7.0,142.85
978,39.12,8,7.0,142.86
979,39.16,7,7.0,142.86
980,39.2,7,6.999,142.88
981,39.24,7,7.0,142.85
982,39.28,7,6.0,166.66
983,39.32,8,8.0,125.01
984,39.36,7,5.999,166.69
985,39.4,7,7.0,142.86
986,39.44,7,7.0,142.86
987,39.48,6,7.0,142.85
988,39.52,7,6.999,142.87
989,39.56,7,7.0,142.85
990,39.6,7,7.0,142.85
991,39.64,8,8.001,124.99
992,39.68,8,7.001,142.83
993,39.72,8,8.0,125.0
994,39.76,8,6.998,142.9
995,39.8,8,8.001,124.99
996,39.84,8,8.005,124.92
997,39.88,8,7.0,142.86
998,39.92,8,9.001,111.1
999,39.96,8,9.0,111.11
1000,40.0,8,8.0,125.0
1001,40.04,8,8.0,125.0
1002,40.08,8,8.006,124.9
1003,40.12,8,9.0,111.12
1004,40.16,8,7.996,125.06
1005,40.2,8,7.999,125.02
1006,40.24,8,7.007,142.72
1007,40.28,8,6.999,142.88
1008,40.32,8,9.0,111.11
1009,40.36,8,6.999,142.87
1010,40.4,8,7.994,125.09
1011,40.44,8,7.998,125.02
1012,40.48,8,8.827,113.29
1013,40.52,8,8.0,125.01
1014,40.56,8,6.165,162.22
1015,40.6,9,8.0,125.0
1016,40.64,8,7.001,142.84
1017,40.68,8,9.0,111.11
1018,40.72,9,6.999,142.87
1019,40.76,8,7.0,142.86
1020,40.8,8,7.0,142.86
1021,40.84,8,9.0,111.12
1022,40.88,8,8.0,125.01
1023,40.92,9,9.0,111.11
1024,40.96,9,7.0,142.86
1025,41.0,9,8.0,125.0
1026,41.04,9,9.0,111.11
1027,41.08,9,7.0,142.85
1028,41.12,8,8.0,125.0
1029,41.16,8,8.0,125.0
1030,41.2,7,8.0,125.01
1031,41.24,7,7.999,125.01
1032,41.28,8,8.0,125.0
1033,41.32,7,7.0,142.85
1034,41.36,8,7.0,142.86
1035,41.4,7,8.001,124.99
1036,41.44,7,7.0,142.85
1037,41.48,7,9.0,111.11
1038,41.52,7,9.014,110.94
1039,41.56,7,7.993,125.11
1040,41.6,7,8.006,124.9
1041,41.64,7,8.003,124.96
1042,41.68,7,8.001,124.98
1043,41.72,7,7.0,142.85
1044,41.76,7,7.0,142.86
1045,41.8,7,7.0,142.85
1046,41.84,7,7.0,142.86
1047,41.88,6,7.0,142.85
1048,41.92,6,7.0,142.86
1049,41.96,6,7.0,142.85
1050,42.0,6,6.006,166.51
1051,42.04,6,7.995,125.08
1052,42.08,6,7.999,125.01
1053,42.12,6,8.0,125.0
1054,42.16,6,8.999,111.13
1055,42.2,6,7.0,142.86
1056,42.24,6,9.001,111.1
1057,42.28,6,8.004,124.93
1058,42.32,6,8.0,125.0
1059,42.36,6,7.0,142.86
1060,42.4,6,8.013,124.79
1061,42.44,7,7.0,142.86
1062,42.48,7,7.0,142.85
1063,42.52,7,7.0,142.85
1064,42.56,7,6.0,166.67
1065,42.6,7,6.0,166.67
1066,42.64,7,6.0,166.68
1067,42.68,7,9.0,111.11
1068,42.72,7,9.0,111.11
1069,42.76,7,7.0,142.86
1070,42.8,7,8.0,125.01
1071,42.84,8,6.999,142.87
1072,42.88,9,8.0,124.99
1073,42.92,8,8.0,125.0
1074,42.96,8,7.0,142.85
1075,43.0,8,7.0,142.86
1076,43.04,7,6.999,142.87
1077,43.08,7,6.999,142.87
1078,43.12,6,6.0,166.67
1079,43.16,6,6.0,166.68
1080,43.2,6,7.0,142.85
1081,43.24,8,7.0,142.86
1082,43.28,8,7.0,142.86
1083,43.32,8,8.0,125.01
1084,43.36,8,6.0,166.67
1085,43.4,8,8.0,125.0
1086,43.44,8,8.0,125.01
1087,43.48,8,7.001,142.84
1088,43.52,8,8.0,124.99
1089,43.56,8,7.704,129.79
1090,43.6,9,8.001,124.98
1091,43.64,9,9.001,111.1
1092,43.68,9,8.0,125.01
1093,43.72,10,9.004,111.07
1094,43.76,10,8.515,117.44
1095,43.8,10,8.992,111.2
1096,43.84,9,9.007,111.03
1097,43.88,10,7.001,142.83
1098,43.92,9,8.007,124.89
1099,43.96,9,8.0,125.0
1100,44.0,9,7.005,142.76
1101,44.04,8,9.996,100.04
1102,44.08,10,7.001,142.84
1103,44.12,8,7.0,142.85
1104,44.16,9,6.999,142.87
1105,44.2,9,6.999,142.87
1106,44.24,8,6.0,166.66
1107,44.28,8,6.0,166.67
1108,44.32,8,6.0,166.67
1109,44.36,8,7.0,142.86
1110,44.4,8,8.014,124.77
1111,44.44,8,8.0,125.01
1112,44.48,8,7.999,125.01
1113,44.52,9,7.0,142.85
1114,44.56,9,7.0,142.86
1115,44.6,9,8.0,125.0
1116,44.64,9,8.0,125.01
1117,44.68,9,8.999,111.12
1118,44.72,9,7.0,142.86
1119,44.76,9,7.0,142.86
1120,44.8,9,8.0,124.99
1121,44.84,9,7.0,142.85
1122,44.88,8,8.0,125.01
1123,44.92,7,4.345,230.14
1124,44.96,8,17.35,57.64
1125,45.0,8,0.0,0
1126,45.04,8,7.198,138.93
1127,45.08,7,7.001,142.83
1128,45.12,8,6.0,166.67
1129,45.16,8,7.001,142.84
1130,45.2,9,9.0,111.11
1131,45.24,9,8.556,116.88
1132,45.28,9,8.0,124.99
1133,45.32,8,7.0,142.85
1134,45.36,9,8.441,118.47
1135,45.4,9,0.0,0
1136,45.44,9,6.003,166.59
1137,45.48,9,0.0,0
1138,45.52,9,6.094,164.08
1139,45.56,9,7.003,142.8
1140,45.6,9,8.018,124.73
1141,45.64,9,8.925,112.04
1142,45.68,9,8.0,125.0
1143,45.72,9,9.001,111.1
1144,45.76,9,9.0,111.11
1145,45.8,9,6.999,142.87
1146,45.84,9,6.0,166.66
1147,45.88,9,6.001,166.65
1148,45.92,9,7.0,142.86
1149,45.96,9,6.0,166.67
1150,46.0,9,1.745,573.07
1151,46.04,9,16.366,61.1
1152,46.08,9,18.337,54.53
1153,46.12,9,7.002,142.82
1154,46.16,9,22.592,44.26
1155,46.2,10,16.689,59.92
1156,46.24,9,13.491,74.13
1157,46.28,9,14.414,69.38
1158,46.32,10,9.001,111.1
1159,46.36,9,8.997,111.15
1160,46.4,9,7.0,142.86
1161,46.44,9,8.0,125.0
1162,46.48,9,9.001,111.1
1163,46.52,9,8.008,124.88
1164,46.56,9,7.997,125.04
1165,46.6,9,8.005,124.92
1166,46.64,9,7.005,142.76
1167,46.68,9,7.0,142.86
1168,46.72,9,8.0,125.0
1169,46.76,10,6.999,142.87
1170,46.8,10,7.014,142.57
1171,46.84,9,7.0,142.86
1172,46.88,10,6.999,142.88
1173,46.92,10,7.006,142.73
1174,46.96,9,7.0,142.86
1175,47.0,9,6.999,142.87
1176,47.04,10,8.0,124.99
1177,47.08,10,9.0,111.12
1178,47.12,10,5.999,166.69
1179,47.16,10,7.0,142.86
1180,47.2,10,7.001,142.84
1181,47.24,11,9.019,110.88
1182,47.28,11,8.0,125.0
1183,47.32,11,8.0,125.0
1184,47.36,11,7.0,142.86
1185,47.4,11,7.0,142.86
1186,47.44,11,6.999,142.87
1187,47.48,11,7.001,142.84
1188,47.52,11,7.0,142.85
1189,47.56,11,7.0,142.86
1190,47.6,11,6.0,166.67
1191,47.64,11,2.005,498.79
1192,47.68,11,21.226,47.11
1193,47.72,11,6.726,148.69
1194,47.76,11,7.0,142.85
1195,47.8,11,0.0,0
1196,47.84,11,0.0,0
1197,47.88,11,7.0,142.86
1198,47.92,10,4.7,212.77
1199,47.96,11,11.807,84.7
1200,48.0,11,20.356,49.13
1201,48.04,10,7.016,142.53
1202,48.08,10,7.995,125.08
1203,48.12,11,7.0,142.86
1204,48.16,9,7.001,142.84
1205,48.2,9,0.0,0
1206,48.24,9,0.816,1226.05
1207,48.28,10,5.995,166.81
1208,48.32,9,8.025,124.61
1209,48.36,10,7.999,125.02
1210,48.4,12,7.547,132.5
1211,48.44,13,5.944,168.24
1212,48.48,12,6.669,149.96
1213,48.52,10,6.0,166.67
1214,48.56,12,7.0,142.86
1215,48.6,10,6.999,142.87
1216,48.64,12,7.0,142.86
1217,48.68,14,7.0,142.85
1218,48.72,11,8.0,125.0
1219,48.76,13,9.0,111.12
1220,48.8,10,7.0,142.86
1221,48.84,11,8.0,125.01
1222,48.88,12,8.0,125.0
1223,48.92,12,8.0,124.99
1224,48.96,12,6.999,142.88
1225,49.0,12,7.0,142.86
1226,49.04,10,0.0,0
1227,49.08,12,7.052,141.8
1228,49.12,12,7.0,142.86
1229,49.16,11,8.0,125.0
1230,49.2,10,5.827,171.61
1231,49.24,11,3.719,268.88
1232,49.28,10,8.651,115.59
1233,49.32,10,7.684,130.15
1234,49.36,10,7.0,142.86
1235,49.4,10,0.0,0
1236,49.44,9,0.0,0
1237,49.48,8,6.979,143.29
1238,49.52,9,7.925,126.18
1239,49.56,9,8.0,125.0
1240,49.6,8,6.992,143.03
1241,49.64,10,9.0,111.11
1242,49.68,10,8.0,125.0
1243,49.72,9,8.964,111.56
1244,49.76,7,5.741,174.2
1245,49.8,10,15.906,62.87
1246,49.84,10,0.0,0
1247,49.88,10,6.0,166.67
1248,49.92,8,6.999,142.87
1249,49.96,9,0.0,0
1250,50.0,9,7.011,142.64
1251,50.04,9,0.618,1617.55
1252,50.08,9,8.92,112.1
1253,50.12,10,6.0,166.67
1254,50.16,10,6.999,142.88
1255,50.2,11,7.0,142.85
1256,50.24,9,7.0,142.86
1257,50.28,11,6.001,166.65
1258,50.32,11,7.0,142.86
1259,50.36,11,6.999,142.87
1260,50.4,10,6.999,142.88
1261,50.44,11,9.0,111.11
1262,50.48,12,8.0,125.0
1263,50.52,10,7.0,142.86
1264,50.56,10,7.559,132.3
1265,50.6,10,0.0,0
1266,50.64,10,6.993,143.01
1267,50.68,9,6.0,166.67
1268,50.72,10,6.014,166.28
1269,50.76,12,8.0,125.01
1270,50.8,10,6.0,166.67
1271,50.84,10,8.999,111.12
1272,50.88,9,8.0,125.0
1273,50.92,10,7.0,142.85
1274,50.96,10,9.0,111.11
1275,51.0,12,11.0,90.91
1276,51.04,12,7.0,142.86
1277,51.08,11,4.062,246.19
1278,51.12,11,6.998,142.9
1279,51.16,11,6.998,142.89
1280,51.2,13,7.0,142.86
1281,51.24,12,6.997,142.91
1282,51.28,13,7.547,132.51
1283,51.32,11,7.048,141.88
1284,51.36,12,0.0,0
1285,51.4,11,8.014,124.77
1286,51.44,12,7.0,142.86
1287,51.48,13,8.997,111.15
1288,51.52,13,8.996,111.16
1289,51.56,11,7.997,125.05
1290,51.6,13,8.0,125.01
1291,51.64,12,5.912,169.15
1292,51.68,13,17.014,58.78
1293,51.72,12,7.078,141.29
1294,51.76,12,0.0,0
1295,51.8,13,7.003,142.79
1296,51.84,13,6.995,142.96
1297,51.88,13,7.0,142.86
1298,51.92,14,7.0,142.86
1299,51.96,14,6.548,152.72
1300,52.0,13,9.026,110.79
1301,52.04,13,7.999,125.01
1302,52.08,15,7.0,142.86
1303,52.12,15,8.0,125.0
1304,52.16,15,7.0,142.86
1305,52.2,14,7.0,142.85
1306,52.24,14,7.0,142.86
1307,52.28,15,0.0,0
1308,52.32,15,6.972,143.43
1309,52.36,14,6.924,144.43
1310,52.4,13,8.0,125.0
1311,52.44,13,5.999,166.69
1312,52.48,14,6.999,142.87
1313,52.52,14,8.007,124.9
1314,52.56,14,8.015,124.77
1315,52.6,14,8.0,125.0
1316,52.64,12,8.701,114.93
1317,52.68,13,8.0,124.99
1318,52.72,14,7.993,125.12
1319,52.76,15,9.0,111.12
1320,52.8,15,8.003,124.96
1321,52.84,15,7.0,142.85
1322,52.88,14,7.141,140.03
1323,52.92,13,7.999,125.01
1324,52.96,16,6.993,142.99
1325,53.0,14,6.006,166.51
1326,53.04,15,7.308,136.84
1327,53.08,13,0.0,0
1328,53.12,14,18.358,54.47
1329,53.16,13,14.89,67.16
1330,53.2,14,11.944,83.73
1331,53.24,15,0.0,0
1332,53.28,15,2.747,363.99
1333,53.32,14,17.228,58.05
1334,53.36,15,0.0,0
1335,53.4,13,0.0,0
1336,53.44,14,0.0,0
1337,53.48,17,18.616,53.72
1338,53.52,15,16.261,61.5
1339,53.56,15,5.998,166.73
1340,53.6,15,7.0,142.86
1341,53.64,17,6.997,142.92
1342,53.68,16,6.999,142.88
1343,53.72,16,12.823,77.98
1344,53.76,16,12.88,77.64
1345,53.8,15,0.0,0
1346,53.84,13,0.529,1890.18
1347,53.88,15,4.821,207.41
1348,53.92,12,7.006,142.73
1349,53.96,13,13.617,73.44
1350,54.0,14,9.95,100.51
1351,54.04,14,6.042,165.51
1352,54.08,14,0.0,0
1353,54.12,15,20.529,48.71
1354,54.16,15,11.378,87.89
1355,54.2,15,0.0,0
1356,54.24,15,7.638,130.92
1357,54.28,14,3.189,313.59
1358,54.32,15,17.191,58.17
1359,54.36,14,10.687,93.57
1360,54.4,12,9.712,102.96
1361,54.44,12,5.0,200.0
1362,54.48,12,6.015,166.26
1363,54.52,12,5.886,169.89
1364,54.56,12,7.602,131.55
1365,54.6,13,4.99,200.4
1366,54.64,12,6.839,146.22
1367,54.68,10,10.884,91.88
1368,54.72,12,5.999,166.71
1369,54.76,11,2.014,496.48
1370,54.8,11,16.594,60.26
1371,54.84,12,0.0,0
1372,54.88,11,5.999,166.71
1373,54.92,12,5.408,184.9
1374,54.96,11,13.764,72.65
1375,55.0,11,0.0,0
1376,55.04,11,0.0,0
1377,55.08,11,20.317,49.22
1378,55.12,11,6.007,166.47
1379,55.16,12,4.993,200.29
1380,55.2,11,6.746,148.23
1381,55.24,11,6.058,165.06
1382,55.28,12,6.003,166.57
1383,55.32,11,7.629,131.07
1384,55.36,12,7.004,142.77
1385,55.4,12,5.99,166.94
1386,55.44,12,5.999,166.69
1387,55.48,15,6.0,166.68
1388,55.52,13,6.012,166.33
1389,55.56,14,5.317,188.08
1390,55.6,12,0.0,0
1391,55.64,12,0.0,0
1392,55.68,13,6.255,159.87
1393,55.72,13,11.537,86.68
1394,55.76,15,4.992,200.33
1395,55.8,13,0.0,0
1396,55.84,14,0.0,0
1397,55.88,13,20.08,49.8
1398,55.92,13,5.995,166.8
1399,55.96,14,0.0,0
1400,56.0,14,6.132,163.08
1401,56.04,16,6.849,146.01
1402,56.08,12,8.737,114.46
1403,56.12,12,15.781,63.37
1404,56.16,10,5.752,173.84
1405,56.2,11,7.0,142.86
1406,56.24,11,0.0,0
1407,56.28,11,6.992,143.02
1408,56.32,11,6.009,166.43
1409,56.36,12,4.985,200.61
1410,56.4,12,10.208,97.97
1411,56.44,12,5.908,169.25
1412,56.48,11,0.0,0
1413,56.52,12,0.0,0
1414,56.56,11,18.065,55.36
1415,56.6,11,10.421,95.96
1416,56.64,12,6.005,166.54
1417,56.68,13,7.322,136.57
1418,56.72,12,0.0,0
1419,56.76,11,6.0,166.66
1420,56.8,11,6.14,162.87
1421,56.84,10,11.535,86.69
1422,56.88,11,7.0,142.86
1423,56.92,12,6.501,153.83
1424,56.96,13,11.321,88.33
1425,57.0,11,5.0,199.99
1426,57.04,11,7.142,140.02
1427,57.08,11,11.199,89.3
1428,57.12,11,0.0,0
1429,57.16,12,1.441,694.19
1430,57.2,11,16.907,59.15
1431,57.24,12,0.0,0
1432,57.28,11,0.0,0
1433,57.32,12,17.965,55.66
1434,57.36,12,0.0,0
1435,57.4,11,0.0,0
1436,57.44,11,16.727,59.78
1437,57.48,12,0.0,0
1438,57.52,10,4.375,228.57
1439,57.56,10,12.332,81.09
1440,57.6,9,0.0,0
1441,57.64,7,18.52,53.99
1442,57.68,8,0.0,0
1443,57.72,8,0.0,0
1444,57.76,9,18.325,54.57
1445,57.8,10,0.0,0
1446,57.84,10,0.0,0
1447,57.88,9,17.041,58.68
1448,57.92,10,0.0,0
1449,57.96,10,0.0,0
1450,58.0,11,17.271,57.9
1451,58.04,11,0.0,0
1452,58.08,11,0.0,0
1453,58.12,10,16.68,59.95
1454,58.16,9,0.0,0
1455,58.2,10,6.576,152.08
1456,58.24,10,11.157,89.63
1457,58.28,10,0.0,0
1458,58.32,11,7.013,142.59
1459,58.36,10,10.17,98.32
1460,58.4,11,5.0,200.01
1461,58.44,10,5.696,175.56
1462,58.48,10,5.995,166.8
1463,58.52,11,0.0,0
1464,58.56,10,19.687,50.79
1465,58.6,11,0.0,0
1466,58.64,11,0.0,0
1467,58.68,11,17.037,58.7
1468,58.72,11,0.0,0
1469,58.76,11,0.412,2425.86
1470,58.8,11,15.917,62.83
1471,58.84,10,0.0,0
1472,58.88,9,17.767,56.28
1473,58.92,10,0.0,0
1474,58.96,9,5.0,199.99
1475,59.0,10,4.703,212.62
1476,59.04,12,0.0,0
1477,59.08,11,0.0,0
1478,59.12,11,17.239,58.01
1479,59.16,11,5.999,166.7
1480,59.2,11,0.0,0
1481,59.24,11,16.108,62.08
1482,59.28,11,4.992,200.3
1483,59.32,10,6.421,155.74
1484,59.36,11,0.0,0
1485,59.4,10,5.99,166.96
1486,59.44,10,4.869,205.4
1487,59.48,10,0.0,0
1488,59.52,10,5.989,166.97
1489,59.56,10,4.967,201.32
1490,59.6,8,0.0,0
1491,59.64,8,6.238,160.3
1492,59.68,9,6.006,166.5
1493,59.72,9,0.0,0
1494,59.76,9,17.833,56.07
1495,59.8,9,7.063,141.58
1496,59.84,9,6.91,144.71
1497,59.88,9,6.008,166.45
1498,59.92,9,5.963,167.71
1499,59.96,9,6.007,166.48
1500,60.0,9,5.999,166.69
1501,60.04,11,7.055,141.75
1502,60.08,10,5.999,166.71
1503,60.12,9,6.392,156.45
1504,60.16,9,8.003,124.95
1505,60.2,8,6.434,155.42
1506,60.24,9,6.419,155.78
1507,60.28,9,6.995,142.95
1508,60.32,9,6.699,149.28
1509,60.36,9,5.409,184.88
1510,60.4,8,6.384,156.64
1511,60.44,8,6.001,166.63
1512,60.48,8,6.389,156.51
1513,60.52,9,6.785,147.39
1514,60.56,8,6.003,166.58
1515,60.6,8,6.003,166.58
1516,60.64,8,6.019,166.14
1517,60.68,7,6.006,166.5
1518,60.72,7,6.154,162.51
1519,60.76,6,6.619,151.09
1520,60.8,6,6.006,166.5
1521,60.84,6,6.992,143.02
1522,60.88,6,5.982,167.16
1523,60.92,6,5.992,166.9
1524,60.96,7,6.999,142.87
1525,61.0,7,6.556,152.53
1526,61.04,7,6.164,162.23
1527,61.08,7,6.006,166.49
1528,61.12,7,7.001,142.83
1529,61.16,6,2.351,425.39
1530,61.2,6,5.986,167.04
1531,61.24,9,6.89,145.14
1532,61.28,9,0.719,1390.68
1533,61.32,8,6.0,166.67
1534,61.36,8,6.002,166.61
1535,61.4,8,5.997,166.75
1536,61.44,7,6.003,166.59
1537,61.48,8,6.009,166.41
1538,61.52,8,6.156,162.44
1539,61.56,8,6.001,166.65
1540,61.6,7,6.993,143.0
1541,61.64,8,6.999,142.87
1542,61.68,8,5.999,166.69
1543,61.72,8,7.005,142.75
1544,61.76,8,6.238,160.31
1545,61.8,7,0.0,0
1546,61.84,7,7.56,132.28
1547,61.88,8,10.998,90.92
1548,61.92,8,0.0,0
1549,61.96,8,0.0,0
