Image_ID,Actual,Predicted,Probability_Dog,Confidence
0,Cat,Cat,0.4916176497936249,0.5083823502063751
1,Cat,Cat,0.4972018599510193,0.5027981400489807
2,Dog,Cat,0.48700568079948425,0.5129943192005157
3,Cat,Cat,0.4888187646865845,0.5111812353134155
4,Cat,Cat,0.49476292729377747,0.5052370727062225
5,Dog,Dog,0.5023090839385986,0.5023090839385986
6,Dog,Cat,0.4929921627044678,0.5070078372955322
7,Cat,Cat,0.49434393644332886,0.5056560635566711
8,Cat,Cat,0.49953001737594604,0.500469982624054
9,Dog,Cat,0.4890882670879364,0.5109117329120636
10,Cat,Cat,0.48311713337898254,0.5168828666210175
11,Dog,Cat,0.4839341342449188,0.5160658657550812
12,Cat,Cat,0.48066654801368713,0.5193334519863129
13,Dog,Dog,0.5050365924835205,0.5050365924835205
14,Cat,Cat,0.4889129102230072,0.5110870897769928
15,Cat,Cat,0.4830797016620636,0.5169202983379364
16,Cat,Cat,0.48278775811195374,0.5172122418880463
17,Cat,Cat,0.4933711588382721,0.5066288411617279
18,Dog,Cat,0.4923385679721832,0.5076614320278168
19,Dog,Cat,0.49730366468429565,0.5026963353157043
20,Dog,Cat,0.49106574058532715,0.5089342594146729
21,Cat,Cat,0.4977880120277405,0.5022119879722595
22,Dog,Cat,0.49597224593162537,0.5040277540683746
23,Dog,Cat,0.49210238456726074,0.5078976154327393
24,Dog,Cat,0.49139800667762756,0.5086019933223724
25,Cat,Cat,0.4798721373081207,0.5201278626918793
26,Dog,Cat,0.49999722838401794,0.5000027716159821
27,Cat,Cat,0.4947160482406616,0.5052839517593384
28,Cat,Cat,0.489146888256073,0.510853111743927
29,Dog,Cat,0.4911830425262451,0.5088169574737549
30,Cat,Cat,0.4783961772918701,0.5216038227081299
31,Dog,Cat,0.4803045094013214,0.5196954905986786
32,Cat,Dog,0.5073528289794922,0.5073528289794922
33,Cat,Dog,0.5029715299606323,0.5029715299606323
34,Cat,Cat,0.48498398065567017,0.5150160193443298
35,Dog,Cat,0.484089195728302,0.515910804271698
36,Dog,Cat,0.4895261526107788,0.5104738473892212
37,Dog,Cat,0.498869389295578,0.501130610704422
38,Cat,Cat,0.49728524684906006,0.5027147531509399
39,Dog,Dog,0.5006622672080994,0.5006622672080994
40,Dog,Cat,0.48804643750190735,0.5119535624980927
41,Cat,Dog,0.5023655891418457,0.5023655891418457
42,Cat,Cat,0.49924537539482117,0.5007546246051788
43,Dog,Cat,0.4944729208946228,0.5055270791053772
44,Cat,Cat,0.48580509424209595,0.514194905757904
45,Dog,Cat,0.48027515411376953,0.5197248458862305
46,Dog,Cat,0.4944489002227783,0.5055510997772217
47,Cat,Cat,0.49171552062034607,0.5082844793796539
48,Dog,Cat,0.4949896037578583,0.5050103962421417
49,Cat,Cat,0.49433979392051697,0.505660206079483
50,Dog,Cat,0.4922061562538147,0.5077938437461853
51,Dog,Cat,0.4935314357280731,0.5064685642719269
52,Cat,Cat,0.4995437264442444,0.5004562735557556
53,Cat,Cat,0.48460766673088074,0.5153923332691193
54,Dog,Dog,0.5070409774780273,0.5070409774780273
55,Cat,Cat,0.4957548677921295,0.5042451322078705
56,Cat,Cat,0.48472028970718384,0.5152797102928162
57,Dog,Dog,0.5149491429328918,0.5149491429328918
58,Dog,Cat,0.4982825517654419,0.5017174482345581
59,Cat,Cat,0.4905320107936859,0.5094679892063141
60,Cat,Cat,0.4801415801048279,0.5198584198951721
61,Cat,Cat,0.48706337809562683,0.5129366219043732
62,Cat,Cat,0.4859429895877838,0.5140570104122162
63,Dog,Cat,0.4886768162250519,0.5113231837749481
64,Cat,Cat,0.49006837606430054,0.5099316239356995
65,Cat,Cat,0.488650381565094,0.511349618434906
66,Cat,Cat,0.495770663022995,0.504229336977005
67,Cat,Dog,0.506706714630127,0.506706714630127
68,Cat,Cat,0.49050551652908325,0.5094944834709167
69,Cat,Cat,0.48885002732276917,0.5111499726772308
70,Cat,Cat,0.4924817681312561,0.5075182318687439
71,Dog,Dog,0.5045608878135681,0.5045608878135681
72,Dog,Cat,0.49317362904548645,0.5068263709545135
73,Cat,Cat,0.49829405546188354,0.5017059445381165
74,Dog,Cat,0.49273520708084106,0.5072647929191589
75,Cat,Cat,0.4865098297595978,0.5134901702404022
76,Cat,Cat,0.4878920018672943,0.5121079981327057
77,Cat,Cat,0.4812638461589813,0.5187361538410187
78,Dog,Dog,0.500950813293457,0.500950813293457
79,Dog,Cat,0.49900731444358826,0.5009926855564117
80,Dog,Cat,0.4994255602359772,0.5005744397640228
81,Dog,Cat,0.4975533187389374,0.5024466812610626
82,Dog,Cat,0.49166813492774963,0.5083318650722504
83,Dog,Cat,0.49385884404182434,0.5061411559581757
84,Dog,Cat,0.4982756972312927,0.5017243027687073
85,Dog,Cat,0.4831957221031189,0.5168042778968811
86,Cat,Cat,0.4955684244632721,0.5044315755367279
87,Cat,Dog,0.511290431022644,0.511290431022644
88,Cat,Cat,0.4875968098640442,0.5124031901359558
89,Cat,Cat,0.4869059920310974,0.5130940079689026
90,Cat,Cat,0.48742157220840454,0.5125784277915955
91,Cat,Cat,0.4963870942592621,0.5036129057407379
92,Cat,Cat,0.49869516491889954,0.5013048350811005
93,Cat,Cat,0.48820918798446655,0.5117908120155334
94,Cat,Cat,0.4833952486515045,0.5166047513484955
95,Cat,Cat,0.48254239559173584,0.5174576044082642
96,Cat,Cat,0.4962019920349121,0.5037980079650879
97,Cat,Cat,0.48555925488471985,0.5144407451152802
98,Cat,Cat,0.4872261881828308,0.5127738118171692
99,Cat,Cat,0.48119017481803894,0.5188098251819611
100,Cat,Cat,0.4889494776725769,0.5110505223274231
101,Dog,Cat,0.49166086316108704,0.508339136838913
102,Cat,Cat,0.49858933687210083,0.5014106631278992
103,Cat,Cat,0.48772233724594116,0.5122776627540588
104,Dog,Cat,0.49665698409080505,0.503343015909195
105,Dog,Cat,0.4845910370349884,0.5154089629650116
106,Cat,Cat,0.49821141362190247,0.5017885863780975
107,Cat,Cat,0.4957447648048401,0.5042552351951599
108,Cat,Cat,0.47707223892211914,0.5229277610778809
109,Dog,Cat,0.4878350496292114,0.5121649503707886
110,Dog,Cat,0.4962959587574005,0.5037040412425995
111,Cat,Cat,0.49437621235847473,0.5056237876415253
112,Dog,Cat,0.4957045912742615,0.5042954087257385
113,Dog,Cat,0.48696279525756836,0.5130372047424316
114,Dog,Dog,0.5022260546684265,0.5022260546684265
115,Dog,Cat,0.49826741218566895,0.501732587814331
116,Cat,Cat,0.48642024397850037,0.5135797560214996
117,Cat,Cat,0.494191437959671,0.505808562040329
118,Dog,Dog,0.5002784729003906,0.5002784729003906
119,Dog,Cat,0.49066972732543945,0.5093302726745605
120,Dog,Cat,0.4888400137424469,0.5111599862575531
121,Cat,Cat,0.4942070543766022,0.5057929456233978
122,Dog,Cat,0.4819967746734619,0.5180032253265381
123,Dog,Dog,0.5025343298912048,0.5025343298912048
124,Dog,Cat,0.4752235412597656,0.5247764587402344
125,Cat,Cat,0.49213090538978577,0.5078690946102142
126,Cat,Cat,0.477775514125824,0.522224485874176
127,Cat,Cat,0.49334996938705444,0.5066500306129456
128,Cat,Cat,0.49528446793556213,0.5047155320644379
129,Cat,Cat,0.4869709014892578,0.5130290985107422
130,Cat,Cat,0.4938291013240814,0.5061708986759186
131,Dog,Cat,0.4901215434074402,0.5098784565925598
132,Dog,Cat,0.4996928870677948,0.5003071129322052
133,Dog,Cat,0.4900601804256439,0.5099398195743561
134,Cat,Cat,0.48357969522476196,0.516420304775238
135,Cat,Cat,0.49236389994621277,0.5076361000537872
136,Dog,Dog,0.5111413598060608,0.5111413598060608
137,Cat,Cat,0.49534034729003906,0.5046596527099609
138,Dog,Dog,0.5004454851150513,0.5004454851150513
139,Dog,Dog,0.5026779174804688,0.5026779174804688
140,Cat,Cat,0.491188108921051,0.508811891078949
141,Cat,Cat,0.4886343479156494,0.5113656520843506
142,Dog,Cat,0.499266117811203,0.500733882188797
143,Dog,Cat,0.48648250102996826,0.5135174989700317
144,Dog,Cat,0.4779249131679535,0.5220750868320465
145,Dog,Cat,0.4850362241268158,0.5149637758731842
146,Dog,Cat,0.49559178948402405,0.504408210515976
147,Dog,Cat,0.4813128709793091,0.5186871290206909
148,Dog,Dog,0.5020544528961182,0.5020544528961182
149,Cat,Cat,0.49911901354789734,0.5008809864521027
150,Cat,Cat,0.48572811484336853,0.5142718851566315
151,Dog,Cat,0.47712790966033936,0.5228720903396606
152,Dog,Cat,0.48901888728141785,0.5109811127185822
153,Dog,Cat,0.49935147166252136,0.5006485283374786
154,Cat,Cat,0.4853372573852539,0.5146627426147461
155,Dog,Cat,0.49477577209472656,0.5052242279052734
156,Cat,Cat,0.4962521493434906,0.5037478506565094
157,Cat,Cat,0.49056264758110046,0.5094373524188995
158,Cat,Dog,0.501812219619751,0.501812219619751
159,Cat,Cat,0.4846658408641815,0.5153341591358185
160,Cat,Dog,0.5056185722351074,0.5056185722351074
161,Dog,Cat,0.4836800694465637,0.5163199305534363
162,Dog,Dog,0.5067481994628906,0.5067481994628906
163,Dog,Cat,0.4884297251701355,0.5115702748298645
164,Dog,Cat,0.49603691697120667,0.5039630830287933
165,Cat,Cat,0.47574669122695923,0.5242533087730408
166,Dog,Cat,0.49565941095352173,0.5043405890464783
167,Dog,Cat,0.4907189607620239,0.5092810392379761
168,Dog,Cat,0.49201494455337524,0.5079850554466248
169,Cat,Cat,0.4871082305908203,0.5128917694091797
170,Dog,Cat,0.4908577799797058,0.5091422200202942
171,Dog,Cat,0.49120232462882996,0.50879767537117
172,Dog,Cat,0.49209752678871155,0.5079024732112885
173,Dog,Cat,0.48340898752212524,0.5165910124778748
174,Cat,Cat,0.49823519587516785,0.5017648041248322
175,Cat,Cat,0.49548742175102234,0.5045125782489777
176,Cat,Cat,0.48932382464408875,0.5106761753559113
177,Dog,Cat,0.48434120416641235,0.5156587958335876
178,Dog,Dog,0.5062873363494873,0.5062873363494873
179,Cat,Cat,0.4807603061199188,0.5192396938800812
180,Dog,Cat,0.498291015625,0.501708984375
181,Dog,Cat,0.4928799569606781,0.5071200430393219
182,Dog,Cat,0.4909965693950653,0.5090034306049347
183,Cat,Cat,0.48867177963256836,0.5113282203674316
184,Dog,Cat,0.49400612711906433,0.5059938728809357
185,Cat,Cat,0.4907717704772949,0.5092282295227051
186,Cat,Cat,0.48670580983161926,0.5132941901683807
187,Dog,Cat,0.49179938435554504,0.508200615644455
188,Dog,Cat,0.49328798055648804,0.506712019443512
189,Cat,Dog,0.5093896389007568,0.5093896389007568
190,Dog,Cat,0.4981785714626312,0.5018214285373688
191,Dog,Cat,0.4843515157699585,0.5156484842300415
192,Cat,Cat,0.49133238196372986,0.5086676180362701
193,Cat,Cat,0.4945620894432068,0.5054379105567932
194,Dog,Cat,0.4891599714756012,0.5108400285243988
195,Dog,Cat,0.4933284819126129,0.5066715180873871
196,Cat,Cat,0.49650347232818604,0.503496527671814
197,Cat,Cat,0.4939909279346466,0.5060090720653534
198,Cat,Cat,0.4839884638786316,0.5160115361213684
199,Dog,Cat,0.49394482374191284,0.5060551762580872
200,Dog,Cat,0.4862130582332611,0.5137869417667389
201,Cat,Cat,0.49395275115966797,0.506047248840332
202,Dog,Cat,0.48422548174858093,0.5157745182514191
203,Cat,Dog,0.5012315511703491,0.5012315511703491
204,Cat,Cat,0.49203819036483765,0.5079618096351624
205,Dog,Cat,0.47888776659965515,0.5211122334003448
206,Dog,Cat,0.4997626841068268,0.5002373158931732
207,Dog,Cat,0.49760061502456665,0.5023993849754333
208,Cat,Cat,0.4866916537284851,0.5133083462715149
209,Cat,Cat,0.4845167398452759,0.5154832601547241
210,Cat,Cat,0.49347609281539917,0.5065239071846008
211,Dog,Cat,0.49109452962875366,0.5089054703712463
212,Dog,Cat,0.48419564962387085,0.5158043503761292
213,Dog,Dog,0.50273597240448,0.50273597240448
214,Cat,Cat,0.4909261167049408,0.5090738832950592
215,Cat,Cat,0.4958234131336212,0.5041765868663788
216,Dog,Cat,0.4912877082824707,0.5087122917175293
217,Dog,Cat,0.4804399311542511,0.5195600688457489
218,Dog,Cat,0.49212345480918884,0.5078765451908112
219,Dog,Cat,0.4801566004753113,0.5198433995246887
220,Dog,Cat,0.48490434885025024,0.5150956511497498
221,Cat,Cat,0.4926569163799286,0.5073430836200714
222,Dog,Cat,0.48776775598526,0.51223224401474
223,Cat,Cat,0.487028568983078,0.512971431016922
224,Cat,Cat,0.4952859580516815,0.5047140419483185
225,Cat,Cat,0.4915488362312317,0.5084511637687683
226,Dog,Cat,0.4974074959754944,0.5025925040245056
227,Cat,Cat,0.49046894907951355,0.5095310509204865
228,Cat,Dog,0.5012705326080322,0.5012705326080322
229,Dog,Dog,0.5055800676345825,0.5055800676345825
230,Cat,Cat,0.49699318408966064,0.5030068159103394
231,Cat,Cat,0.4902619421482086,0.5097380578517914
232,Dog,Dog,0.5077515840530396,0.5077515840530396
233,Cat,Dog,0.5069761276245117,0.5069761276245117
234,Dog,Cat,0.4948641359806061,0.5051358640193939
235,Dog,Cat,0.4886711835861206,0.5113288164138794
236,Cat,Cat,0.488349050283432,0.511650949716568
237,Cat,Cat,0.48743465542793274,0.5125653445720673
238,Cat,Dog,0.5015459060668945,0.5015459060668945
239,Dog,Cat,0.4900195300579071,0.5099804699420929
240,Cat,Cat,0.4875923991203308,0.5124076008796692
241,Dog,Cat,0.48663589358329773,0.5133641064167023
242,Cat,Cat,0.4750000536441803,0.5249999463558197
243,Dog,Cat,0.48735830187797546,0.5126416981220245
244,Cat,Cat,0.49425575137138367,0.5057442486286163
245,Dog,Cat,0.48791801929473877,0.5120819807052612
246,Cat,Cat,0.4915437698364258,0.5084562301635742
247,Cat,Cat,0.49347466230392456,0.5065253376960754
248,Dog,Cat,0.49102628231048584,0.5089737176895142
249,Cat,Cat,0.48829135298728943,0.5117086470127106
250,Dog,Cat,0.48983874917030334,0.5101612508296967
251,Dog,Dog,0.5036684274673462,0.5036684274673462
252,Cat,Cat,0.4871065616607666,0.5128934383392334
253,Cat,Cat,0.4808724820613861,0.5191275179386139
254,Dog,Cat,0.4884011745452881,0.5115988254547119
255,Cat,Cat,0.4897003769874573,0.5102996230125427
256,Dog,Cat,0.4935743510723114,0.5064256489276886
257,Dog,Cat,0.4901531934738159,0.5098468065261841
258,Dog,Cat,0.4837392270565033,0.5162607729434967
259,Dog,Cat,0.49355456233024597,0.506445437669754
260,Dog,Cat,0.48747944831848145,0.5125205516815186
261,Dog,Cat,0.4738532304763794,0.5261467695236206
262,Dog,Cat,0.48361968994140625,0.5163803100585938
263,Dog,Cat,0.48469752073287964,0.5153024792671204
264,Dog,Cat,0.49255216121673584,0.5074478387832642
265,Dog,Cat,0.48752063512802124,0.5124793648719788
266,Cat,Cat,0.4863297641277313,0.5136702358722687
267,Dog,Dog,0.5056989789009094,0.5056989789009094
268,Cat,Dog,0.508668065071106,0.508668065071106
269,Dog,Cat,0.4784480035305023,0.5215519964694977
270,Dog,Cat,0.49812716245651245,0.5018728375434875
271,Dog,Dog,0.5008289217948914,0.5008289217948914
272,Dog,Cat,0.4901984632015228,0.5098015367984772
273,Dog,Dog,0.503522515296936,0.503522515296936
274,Cat,Cat,0.4939913749694824,0.5060086250305176
275,Cat,Cat,0.4807487428188324,0.5192512571811676
276,Dog,Dog,0.5065737962722778,0.5065737962722778
277,Cat,Cat,0.4920261800289154,0.5079738199710846
278,Dog,Cat,0.49570223689079285,0.5042977631092072
279,Cat,Cat,0.49575695395469666,0.5042430460453033
280,Dog,Dog,0.5019121170043945,0.5019121170043945
281,Dog,Cat,0.48990416526794434,0.5100958347320557
282,Dog,Cat,0.49836838245391846,0.5016316175460815
283,Dog,Dog,0.5041506290435791,0.5041506290435791
284,Dog,Cat,0.49084267020225525,0.5091573297977448
285,Dog,Cat,0.4921282231807709,0.5078717768192291
286,Dog,Cat,0.49747997522354126,0.5025200247764587
287,Dog,Cat,0.49389001727104187,0.5061099827289581
288,Cat,Cat,0.4976378381252289,0.5023621618747711
289,Cat,Cat,0.4881354868412018,0.5118645131587982
290,Cat,Cat,0.4855439364910126,0.5144560635089874
291,Dog,Cat,0.4904576241970062,0.5095423758029938
292,Cat,Cat,0.49171069264411926,0.5082893073558807
293,Dog,Cat,0.49565479159355164,0.5043452084064484
294,Dog,Cat,0.4933498203754425,0.5066501796245575
295,Dog,Cat,0.48697832226753235,0.5130216777324677
296,Cat,Cat,0.4887793958187103,0.5112206041812897
297,Dog,Cat,0.4816793203353882,0.5183206796646118
298,Dog,Cat,0.496395081281662,0.503604918718338
299,Cat,Cat,0.4887484908103943,0.5112515091896057
300,Cat,Cat,0.48781177401542664,0.5121882259845734
301,Cat,Cat,0.489702969789505,0.510297030210495
302,Dog,Dog,0.5049442052841187,0.5049442052841187
303,Dog,Cat,0.4918227791786194,0.5081772208213806
304,Dog,Dog,0.5008024573326111,0.5008024573326111
305,Dog,Cat,0.4910489618778229,0.5089510381221771
306,Cat,Cat,0.4970279335975647,0.5029720664024353
307,Dog,Cat,0.4992063343524933,0.5007936656475067
308,Dog,Dog,0.5005918741226196,0.5005918741226196
309,Dog,Dog,0.5110741853713989,0.5110741853713989
310,Cat,Cat,0.4918168783187866,0.5081831216812134
311,Cat,Cat,0.479828804731369,0.520171195268631
312,Cat,Cat,0.49049171805381775,0.5095082819461823
313,Cat,Cat,0.4945305287837982,0.5054694712162018
314,Cat,Cat,0.4807283878326416,0.5192716121673584
315,Cat,Cat,0.4909863770008087,0.5090136229991913
316,Cat,Cat,0.48728784918785095,0.512712150812149
317,Cat,Dog,0.5289771556854248,0.5289771556854248
318,Dog,Cat,0.4998292922973633,0.5001707077026367
319,Cat,Cat,0.4873214364051819,0.5126785635948181
320,Cat,Cat,0.489236980676651,0.510763019323349
321,Cat,Cat,0.48722511529922485,0.5127748847007751
322,Cat,Cat,0.4816489815711975,0.5183510184288025
323,Cat,Cat,0.49586960673332214,0.5041303932666779
324,Cat,Cat,0.4906295835971832,0.5093704164028168
325,Cat,Dog,0.5084210634231567,0.5084210634231567
326,Cat,Cat,0.49294915795326233,0.5070508420467377
327,Cat,Cat,0.49528753757476807,0.5047124624252319
328,Cat,Cat,0.48979657888412476,0.5102034211158752
329,Dog,Cat,0.4942933917045593,0.5057066082954407
330,Dog,Dog,0.5115005373954773,0.5115005373954773
331,Dog,Cat,0.48896801471710205,0.511031985282898
332,Dog,Cat,0.4954983592033386,0.5045016407966614
333,Cat,Dog,0.5019024610519409,0.5019024610519409
334,Dog,Dog,0.5053685903549194,0.5053685903549194
335,Dog,Dog,0.5031155943870544,0.5031155943870544
336,Dog,Cat,0.485771507024765,0.514228492975235
337,Cat,Cat,0.49457308650016785,0.5054269134998322
338,Dog,Cat,0.485307514667511,0.514692485332489
339,Cat,Cat,0.4888113737106323,0.5111886262893677
340,Dog,Cat,0.4990595579147339,0.5009404420852661
341,Cat,Cat,0.49521133303642273,0.5047886669635773
342,Cat,Cat,0.4901706576347351,0.5098293423652649
343,Dog,Cat,0.48279869556427,0.51720130443573
344,Cat,Cat,0.4865301847457886,0.5134698152542114
345,Cat,Cat,0.4946306645870209,0.5053693354129791
346,Dog,Cat,0.488781213760376,0.511218786239624
347,Dog,Cat,0.49743396043777466,0.5025660395622253
348,Dog,Cat,0.49059629440307617,0.5094037055969238
349,Cat,Cat,0.49259671568870544,0.5074032843112946
350,Cat,Cat,0.49052414298057556,0.5094758570194244
351,Dog,Cat,0.48075953125953674,0.5192404687404633
352,Cat,Cat,0.49702736735343933,0.5029726326465607
353,Dog,Cat,0.4847241938114166,0.5152758061885834
354,Dog,Cat,0.4911198914051056,0.5088801085948944
355,Cat,Cat,0.49063169956207275,0.5093683004379272
356,Cat,Cat,0.48422229290008545,0.5157777070999146
357,Cat,Cat,0.4977986514568329,0.5022013485431671
358,Dog,Cat,0.4901990592479706,0.5098009407520294
359,Dog,Dog,0.5009387731552124,0.5009387731552124
360,Cat,Cat,0.48019611835479736,0.5198038816452026
361,Cat,Cat,0.4949907064437866,0.5050092935562134
362,Cat,Cat,0.48335468769073486,0.5166453123092651
363,Cat,Cat,0.49442481994628906,0.5055751800537109
364,Cat,Cat,0.4873421788215637,0.5126578211784363
365,Cat,Cat,0.4975840747356415,0.5024159252643585
366,Cat,Cat,0.4916115701198578,0.5083884298801422
367,Cat,Cat,0.49259522557258606,0.5074047744274139
368,Cat,Cat,0.4954589605331421,0.5045410394668579
369,Cat,Cat,0.4915519058704376,0.5084480941295624
370,Cat,Cat,0.4889010787010193,0.5110989212989807
371,Dog,Cat,0.49382421374320984,0.5061757862567902
372,Cat,Dog,0.5075210332870483,0.5075210332870483
373,Dog,Dog,0.5073107481002808,0.5073107481002808
374,Dog,Cat,0.48593783378601074,0.5140621662139893
375,Dog,Cat,0.49080267548561096,0.509197324514389
376,Dog,Cat,0.49768662452697754,0.5023133754730225
377,Dog,Cat,0.49391448497772217,0.5060855150222778
378,Cat,Cat,0.4950544238090515,0.5049455761909485
379,Dog,Cat,0.4909076690673828,0.5090923309326172
380,Cat,Cat,0.47588539123535156,0.5241146087646484
381,Dog,Cat,0.4911559522151947,0.5088440477848053
382,Dog,Cat,0.4849892556667328,0.5150107443332672
383,Dog,Cat,0.4809251129627228,0.5190748870372772
384,Cat,Cat,0.49238914251327515,0.5076108574867249
385,Dog,Cat,0.48149049282073975,0.5185095071792603
386,Dog,Cat,0.49655622243881226,0.5034437775611877
387,Cat,Dog,0.5019739866256714,0.5019739866256714
388,Cat,Dog,0.5020877122879028,0.5020877122879028
389,Cat,Cat,0.48626723885536194,0.5137327611446381
390,Dog,Cat,0.4872872829437256,0.5127127170562744
391,Cat,Cat,0.49019965529441833,0.5098003447055817
392,Dog,Dog,0.5128275156021118,0.5128275156021118
393,Dog,Cat,0.49239227175712585,0.5076077282428741
394,Dog,Cat,0.4837917983531952,0.5162082016468048
395,Dog,Dog,0.506144642829895,0.506144642829895
396,Cat,Cat,0.48324745893478394,0.5167525410652161
397,Cat,Dog,0.5183030366897583,0.5183030366897583
398,Cat,Cat,0.48421037197113037,0.5157896280288696
399,Dog,Cat,0.490911066532135,0.509088933467865
