Vehicle ID,Type,Direction,Avg speed (km/h),Max speed (km/h),Time in zone (s),Counted at line,Stopped,Wrong way
1,car,North-West,16.3,69.7,2.7,True,False,False
9,car,North-East,5.0,6.2,0.8,True,False,False
12,car,South-East,6.4,13.6,3.8,False,False,False
15,car,West,4.5,7.4,1.9,False,False,False
25,car,East,4.3,5.1,1.0,False,False,False
121,car,South,5.8,10.4,0.6,True,False,False
330,car,South,9.6,17.3,0.6,False,False,False
338,car,South,11.8,21.1,0.8,False,False,False
340,car,South-East,13.7,33.6,2.2,False,False,False
351,car,North-East,14.1,29.3,0.4,False,False,False
355,car,North-West,9.7,17.4,9.6,True,False,False
377,car,North-West,4.8,5.3,0.6,False,False,False
472,car,East,34.7,39.6,1.0,False,False,False
478,car,East,34.9,37.0,0.4,False,False,False
483,car,East,26.9,31.7,0.8,False,False,False
560,car,South-East,7.2,12.9,1.4,False,False,False
642,car,North-East,7.2,13.1,2.5,False,False,False
648,car,South-West,4.7,5.9,0.8,False,False,False
657,car,West,6.8,7.6,1.6,True,False,False
